

INSERT INTO Operacion (id_operacion,precio_venta,fecha_venta) VALUES (1,91408,'02/13/2017');
INSERT INTO Operacion (id_operacion,precio_venta,fecha_venta) VALUES (3,194755,'08/19/2017');
INSERT INTO Operacion (id_operacion,precio_venta,fecha_venta) VALUES (4,136936,'12/24/2017');
INSERT INTO Operacion (id_operacion,precio_venta,fecha_venta) VALUES (5,182729,'11/28/2016');
INSERT INTO Operacion (id_operacion,precio_venta,fecha_venta) VALUES (7,278246,'12/02/2016');
INSERT INTO Operacion (id_operacion,precio_venta,fecha_venta) VALUES (8,82352,'12/15/2017');
INSERT INTO Operacion (id_operacion,precio_venta,fecha_venta) VALUES (9,117612,'01/10/2018');
INSERT INTO Operacion (id_operacion,precio_venta,fecha_venta) VALUES (11,87583,'12/01/2016');
INSERT INTO Operacion (id_operacion,precio_venta,fecha_venta) VALUES (12,251836,'08/05/2016');
INSERT INTO Operacion (id_operacion,precio_venta,fecha_venta) VALUES (13,161673,'05/20/2017');
INSERT INTO Operacion (id_operacion,precio_venta,fecha_venta) VALUES (15,194901,'06/14/2016');
INSERT INTO Operacion (id_operacion,precio_venta,fecha_venta) VALUES (16,223995,'09/14/2017');
INSERT INTO Operacion (id_operacion,precio_venta,fecha_venta) VALUES (17,287797,'06/08/2017');
INSERT INTO Operacion (id_operacion,precio_venta,fecha_venta) VALUES (19,87832,'01/21/2018');
INSERT INTO Operacion (id_operacion,precio_venta,fecha_venta) VALUES (20,277103,'01/08/2017');
INSERT INTO Operacion (id_operacion,precio_venta,fecha_venta) VALUES (21,70214,'12/12/2017');
INSERT INTO Operacion (id_operacion,precio_venta,fecha_venta) VALUES (23,201423,'02/10/2017');
INSERT INTO Operacion (id_operacion,precio_venta,fecha_venta) VALUES (24,271406,'03/04/2017');
INSERT INTO Operacion (id_operacion,precio_venta,fecha_venta) VALUES (25,51330,'06/16/2017');
INSERT INTO Operacion (id_operacion,precio_venta,fecha_venta) VALUES (27,122934,'01/24/2017');
INSERT INTO Operacion (id_operacion,precio_venta,fecha_venta) VALUES (28,225361,'04/03/2017');
INSERT INTO Operacion (id_operacion,precio_venta,fecha_venta) VALUES (29,242024,'07/06/2016');
INSERT INTO Operacion (id_operacion,precio_venta,fecha_venta) VALUES (31,53733,'08/14/2016');
INSERT INTO Operacion (id_operacion,precio_venta,fecha_venta) VALUES (32,149810,'11/23/2017');
INSERT INTO Operacion (id_operacion,precio_venta,fecha_venta) VALUES (33,67695,'02/23/2016');
INSERT INTO Operacion (id_operacion,precio_venta,fecha_venta) VALUES (35,221179,'04/22/2017');
INSERT INTO Operacion (id_operacion,precio_venta,fecha_venta) VALUES (36,288343,'05/01/2016');
INSERT INTO Operacion (id_operacion,precio_venta,fecha_venta) VALUES (37,252073,'09/19/2017');
INSERT INTO Operacion (id_operacion,precio_venta,fecha_venta) VALUES (39,169043,'07/18/2017');
INSERT INTO Operacion (id_operacion,precio_venta,fecha_venta) VALUES (40,260371,'06/17/2017');
INSERT INTO Operacion (id_operacion,precio_venta,fecha_venta) VALUES (41,68404,'10/09/2017');
INSERT INTO Operacion (id_operacion,precio_venta,fecha_venta) VALUES (43,115447,'02/07/2017');
INSERT INTO Operacion (id_operacion,precio_venta,fecha_venta) VALUES (44,146402,'11/12/2016');
INSERT INTO Operacion (id_operacion,precio_venta,fecha_venta) VALUES (45,212096,'01/01/2018');
INSERT INTO Operacion (id_operacion,precio_venta,fecha_venta) VALUES (46,61093,'07/08/2017');
INSERT INTO Operacion (id_operacion,precio_venta,fecha_venta) VALUES (47,114880,'08/12/2016');
INSERT INTO Operacion (id_operacion,precio_venta,fecha_venta) VALUES (48,176072,'12/28/2016');
INSERT INTO Operacion (id_operacion,precio_venta,fecha_venta) VALUES (49,169762,'11/03/2016');
INSERT INTO Operacion (id_operacion,precio_venta,fecha_venta) VALUES (50,143778,'09/20/2016');
INSERT INTO Operacion (id_operacion,precio_venta,fecha_venta) VALUES (51,105383,'04/09/2016');
INSERT INTO Operacion (id_operacion,precio_venta,fecha_venta) VALUES (52,73738,'07/07/2017');
INSERT INTO Operacion (id_operacion,precio_venta,fecha_venta) VALUES (53,61461,'07/29/2017');
INSERT INTO Operacion (id_operacion,precio_venta,fecha_venta) VALUES (54,204842,'07/21/2017');
INSERT INTO Operacion (id_operacion,precio_venta,fecha_venta) VALUES (55,228777,'01/31/2018');
INSERT INTO Operacion (id_operacion,precio_venta,fecha_venta) VALUES (56,181546,'07/09/2017');
INSERT INTO Operacion (id_operacion,precio_venta,fecha_venta) VALUES (57,117839,'11/30/2017');
INSERT INTO Operacion (id_operacion,precio_venta,fecha_venta) VALUES (58,186756,'09/18/2017');
INSERT INTO Operacion (id_operacion,precio_venta,fecha_venta) VALUES (59,184924,'05/03/2017');
INSERT INTO Operacion (id_operacion,precio_venta,fecha_venta) VALUES (60,76248,'10/08/2016');
INSERT INTO Operacion (id_operacion,precio_venta,fecha_venta) VALUES (61,58798,'02/17/2016');
INSERT INTO Operacion (id_operacion,precio_venta,fecha_venta) VALUES (62,272278,'04/10/2017');
INSERT INTO Operacion (id_operacion,precio_venta,fecha_venta) VALUES (63,146573,'09/18/2017');
INSERT INTO Operacion (id_operacion,precio_venta,fecha_venta) VALUES (64,214081,'08/15/2016');
INSERT INTO Operacion (id_operacion,precio_venta,fecha_venta) VALUES (65,256909,'09/07/2016');
INSERT INTO Operacion (id_operacion,precio_venta,fecha_venta) VALUES (66,65655,'10/17/2017');
INSERT INTO Operacion (id_operacion,precio_venta,fecha_venta) VALUES (67,275856,'11/11/2017');
INSERT INTO Operacion (id_operacion,precio_venta,fecha_venta) VALUES (68,130122,'06/18/2016');
INSERT INTO Operacion (id_operacion,precio_venta,fecha_venta) VALUES (69,145717,'01/08/2018');
INSERT INTO Operacion (id_operacion,precio_venta,fecha_venta) VALUES (70,288070,'04/23/2016');
INSERT INTO Operacion (id_operacion,precio_venta,fecha_venta) VALUES (71,105649,'09/02/2016');
INSERT INTO Operacion (id_operacion,precio_venta,fecha_venta) VALUES (72,184398,'12/30/2016');
INSERT INTO Operacion (id_operacion,precio_venta,fecha_venta) VALUES (73,287149,'04/07/2017');
INSERT INTO Operacion (id_operacion,precio_venta,fecha_venta) VALUES (74,259155,'11/02/2016');
INSERT INTO Operacion (id_operacion,precio_venta,fecha_venta) VALUES (75,177617,'05/09/2017');
INSERT INTO Operacion (id_operacion,precio_venta,fecha_venta) VALUES (76,242643,'03/03/2017');
INSERT INTO Operacion (id_operacion,precio_venta,fecha_venta) VALUES (77,53960,'07/22/2017');
INSERT INTO Operacion (id_operacion,precio_venta,fecha_venta) VALUES (78,111300,'03/17/2016');
INSERT INTO Operacion (id_operacion,precio_venta,fecha_venta) VALUES (79,275146,'02/21/2017');
INSERT INTO Operacion (id_operacion,precio_venta,fecha_venta) VALUES (80,269917,'11/20/2016');
INSERT INTO Operacion (id_operacion,precio_venta,fecha_venta) VALUES (81,138616,'10/01/2016');
INSERT INTO Operacion (id_operacion,precio_venta,fecha_venta) VALUES (82,281043,'07/03/2017');
INSERT INTO Operacion (id_operacion,precio_venta,fecha_venta) VALUES (83,116511,'10/06/2017');
INSERT INTO Operacion (id_operacion,precio_venta,fecha_venta) VALUES (84,65937,'04/23/2017');
INSERT INTO Operacion (id_operacion,precio_venta,fecha_venta) VALUES (85,184996,'11/26/2016');
INSERT INTO Operacion (id_operacion,precio_venta,fecha_venta) VALUES (86,205635,'01/14/2018');
INSERT INTO Operacion (id_operacion,precio_venta,fecha_venta) VALUES (87,194511,'04/04/2016');
INSERT INTO Operacion (id_operacion,precio_venta,fecha_venta) VALUES (88,253447,'05/19/2017');
INSERT INTO Operacion (id_operacion,precio_venta,fecha_venta) VALUES (89,188638,'10/12/2017');
INSERT INTO Operacion (id_operacion,precio_venta,fecha_venta) VALUES (90,228677,'07/05/2017');
INSERT INTO Operacion (id_operacion,precio_venta,fecha_venta) VALUES (91,161706,'07/23/2016');
INSERT INTO Operacion (id_operacion,precio_venta,fecha_venta) VALUES (92,243877,'11/29/2017');
INSERT INTO Operacion (id_operacion,precio_venta,fecha_venta) VALUES (93,137093,'08/05/2017');
INSERT INTO Operacion (id_operacion,precio_venta,fecha_venta) VALUES (94,193970,'05/11/2017');
INSERT INTO Operacion (id_operacion,precio_venta,fecha_venta) VALUES (95,237787,'10/15/2017');
INSERT INTO Operacion (id_operacion,precio_venta,fecha_venta) VALUES (96,113407,'03/19/2016');
INSERT INTO Operacion (id_operacion,precio_venta,fecha_venta) VALUES (97,52597,'02/02/2017');
INSERT INTO Operacion (id_operacion,precio_venta,fecha_venta) VALUES (98,52459,'03/28/2016');
INSERT INTO Operacion (id_operacion,precio_venta,fecha_venta) VALUES (99,122166,'12/24/2016');
INSERT INTO Operacion (id_operacion,precio_venta,fecha_venta) VALUES (100,165245,'02/22/2017');


INSERT INTO Agencia (id_agencia,nombre,telefono,ubicacion) VALUES (1,'Nissan','164210','Gary');
INSERT INTO Agencia (id_agencia,nombre,telefono,ubicacion) VALUES (2,'Renault','161509','New Haven');
INSERT INTO Agencia (id_agencia,nombre,telefono,ubicacion) VALUES (3,'Renault','16650803','Gillette');
INSERT INTO Agencia (id_agencia,nombre,telefono,ubicacion) VALUES (4,'Nissan','16931385','Vadodara');
INSERT INTO Agencia (id_agencia,nombre,telefono,ubicacion) VALUES (5,'Honda','1279000','Grimma');
INSERT INTO Agencia (id_agencia,nombre,telefono,ubicacion) VALUES (6,'Honda','16660570','Boignee');
INSERT INTO Agencia (id_agencia,nombre,telefono,ubicacion) VALUES (7,'Nissan','165906312','Evesham');
INSERT INTO Agencia (id_agencia,nombre,telefono,ubicacion) VALUES (8,'Nissan','1669007','Vejalpur');
INSERT INTO Agencia (id_agencia,nombre,telefono,ubicacion) VALUES (9,'Nissan','16378506','Fontanellato');
INSERT INTO Agencia (id_agencia,nombre,telefono,ubicacion) VALUES (10,'Ferrari','107070473','Laguna Blanca');
INSERT INTO Agencia (id_agencia,nombre,telefono,ubicacion) VALUES (11,'Nissan','1140674','Jandrain-Jandrenouille');
INSERT INTO Agencia (id_agencia,nombre,telefono,ubicacion) VALUES (12,'Nissan','16720898','Stamford');
INSERT INTO Agencia (id_agencia,nombre,telefono,ubicacion) VALUES (13,'Nissan','12150822','Alert Bay');
INSERT INTO Agencia (id_agencia,nombre,telefono,ubicacion) VALUES (14,'Honda','1115729','Langenburg');
INSERT INTO Agencia (id_agencia,nombre,telefono,ubicacion) VALUES (15,'Renault','1682237','Gualdo Tadino');
INSERT INTO Agencia (id_agencia,nombre,telefono,ubicacion) VALUES (16,'Honda','165760','Haverhill');
INSERT INTO Agencia (id_agencia,nombre,telefono,ubicacion) VALUES (17,'Renault','168190','Kungälv');
INSERT INTO Agencia (id_agencia,nombre,telefono,ubicacion) VALUES (18,'Honda','1603054','Duluth');
INSERT INTO Agencia (id_agencia,nombre,telefono,ubicacion) VALUES (19,'Renault','1604342','Ch‰telineau');
INSERT INTO Agencia (id_agencia,nombre,telefono,ubicacion) VALUES (20,'Toyota','1672304','Jemeppe-sur-Meuse');
INSERT INTO Agencia (id_agencia,nombre,telefono,ubicacion) VALUES (21,'Nissan','1611470','Herentals');
INSERT INTO Agencia (id_agencia,nombre,telefono,ubicacion) VALUES (22,'Renault','16027096','Howrah');
INSERT INTO Agencia (id_agencia,nombre,telefono,ubicacion) VALUES (23,'Renault','1639178','Lochristi');
INSERT INTO Agencia (id_agencia,nombre,telefono,ubicacion) VALUES (24,'Toyota','1683980','Gualdo Cattaneo');
INSERT INTO Agencia (id_agencia,nombre,telefono,ubicacion) VALUES (25,'Toyota','1660008','Ödemiş');
INSERT INTO Agencia (id_agencia,nombre,telefono,ubicacion) VALUES (26,'Toyota','168232','Tarrasa');
INSERT INTO Agencia (id_agencia,nombre,telefono,ubicacion) VALUES (27,'Renault','1637485','Nadiad');
INSERT INTO Agencia (id_agencia,nombre,telefono,ubicacion) VALUES (28,'Nissan','1677405','Zeveneken');
INSERT INTO Agencia (id_agencia,nombre,telefono,ubicacion) VALUES (29,'Ferrari','1676590','Valera Fratta');
INSERT INTO Agencia (id_agencia,nombre,telefono,ubicacion) VALUES (30,'Renault','1618516','Neath');
INSERT INTO Agencia (id_agencia,nombre,telefono,ubicacion) VALUES (31,'Toyota','1664180','Tolentino');
INSERT INTO Agencia (id_agencia,nombre,telefono,ubicacion) VALUES (32,'Renault','162687','Kaneohe');
INSERT INTO Agencia (id_agencia,nombre,telefono,ubicacion) VALUES (33,'Renault','1690349','Truro');
INSERT INTO Agencia (id_agencia,nombre,telefono,ubicacion) VALUES (34,'Nissan','1603165','Płock');
INSERT INTO Agencia (id_agencia,nombre,telefono,ubicacion) VALUES (35,'Honda','167504','Mödling');
INSERT INTO Agencia (id_agencia,nombre,telefono,ubicacion) VALUES (36,'Renault','163750','Zandhoven');
INSERT INTO Agencia (id_agencia,nombre,telefono,ubicacion) VALUES (37,'Renault','160224','Mandasor');
INSERT INTO Agencia (id_agencia,nombre,telefono,ubicacion) VALUES (38,'Nissan','163707','Solapur');
INSERT INTO Agencia (id_agencia,nombre,telefono,ubicacion) VALUES (39,'Renault','166132','Raigarh');
INSERT INTO Agencia (id_agencia,nombre,telefono,ubicacion) VALUES (40,'Honda','162610','Oppido Mamertina');
INSERT INTO Agencia (id_agencia,nombre,telefono,ubicacion) VALUES (41,'Ferrari','160089','Naninne');
INSERT INTO Agencia (id_agencia,nombre,telefono,ubicacion) VALUES (42,'Nissan','169942','Riesa');
INSERT INTO Agencia (id_agencia,nombre,telefono,ubicacion) VALUES (43,'Nissan','167841','Timon');
INSERT INTO Agencia (id_agencia,nombre,telefono,ubicacion) VALUES (44,'Nissan','162326','Campinas');
INSERT INTO Agencia (id_agencia,nombre,telefono,ubicacion) VALUES (45,'Toyota','163911','Köflach');
INSERT INTO Agencia (id_agencia,nombre,telefono,ubicacion) VALUES (46,'Toyota','169072','Papasidero');
INSERT INTO Agencia (id_agencia,nombre,telefono,ubicacion) VALUES (47,'Renault','169036','Ipatinga');
INSERT INTO Agencia (id_agencia,nombre,telefono,ubicacion) VALUES (48,'Toyota','166684','Morrinsville');
INSERT INTO Agencia (id_agencia,nombre,telefono,ubicacion) VALUES (49,'Renault','164066','Memphis');
INSERT INTO Agencia (id_agencia,nombre,telefono,ubicacion) VALUES (50,'Renault','167783','San Isidro de El General');
INSERT INTO Agencia (id_agencia,nombre,telefono,ubicacion) VALUES (51,'Honda','164501','Gwalior');
INSERT INTO Agencia (id_agencia,nombre,telefono,ubicacion) VALUES (52,'Honda','168204','Omal');
INSERT INTO Agencia (id_agencia,nombre,telefono,ubicacion) VALUES (53,'Nissan','162300','CŽroux-Mousty');
INSERT INTO Agencia (id_agencia,nombre,telefono,ubicacion) VALUES (54,'Renault','165814','Laken');
INSERT INTO Agencia (id_agencia,nombre,telefono,ubicacion) VALUES (55,'Renault','163831','Bathurst');
INSERT INTO Agencia (id_agencia,nombre,telefono,ubicacion) VALUES (56,'Ferrari','168352','Leut');
INSERT INTO Agencia (id_agencia,nombre,telefono,ubicacion) VALUES (57,'Nissan','165903','Wells');
INSERT INTO Agencia (id_agencia,nombre,telefono,ubicacion) VALUES (58,'Toyota','165518','Rouvroy');
INSERT INTO Agencia (id_agencia,nombre,telefono,ubicacion) VALUES (59,'Renault','160518','Sète');
INSERT INTO Agencia (id_agencia,nombre,telefono,ubicacion) VALUES (60,'Toyota','165925','Freital');
INSERT INTO Agencia (id_agencia,nombre,telefono,ubicacion) VALUES (61,'Nissan','168602','Sint-Joost-ten-Node');
INSERT INTO Agencia (id_agencia,nombre,telefono,ubicacion) VALUES (62,'Renault','161575','Invercargill');
INSERT INTO Agencia (id_agencia,nombre,telefono,ubicacion) VALUES (63,'Ferrari','1684051','Daiano');
INSERT INTO Agencia (id_agencia,nombre,telefono,ubicacion) VALUES (64,'Toyota','1640114','Fossato Serralta');
INSERT INTO Agencia (id_agencia,nombre,telefono,ubicacion) VALUES (65,'Nissan','1687104','Filacciano');
INSERT INTO Agencia (id_agencia,nombre,telefono,ubicacion) VALUES (66,'Toyota','1665981','Nordhorn');
INSERT INTO Agencia (id_agencia,nombre,telefono,ubicacion) VALUES (67,'Ferrari','1637501','Portland');
INSERT INTO Agencia (id_agencia,nombre,telefono,ubicacion) VALUES (68,'Honda','1613175','Hall in Tirol');
INSERT INTO Agencia (id_agencia,nombre,telefono,ubicacion) VALUES (69,'Honda','1658074','Strongoli');
INSERT INTO Agencia (id_agencia,nombre,telefono,ubicacion) VALUES (70,'Ferrari','1624629','Tuktoyaktuk');
INSERT INTO Agencia (id_agencia,nombre,telefono,ubicacion) VALUES (71,'Nissan','1663076','Basirhat');
INSERT INTO Agencia (id_agencia,nombre,telefono,ubicacion) VALUES (72,'Toyota','1623214','Borgomaro');
INSERT INTO Agencia (id_agencia,nombre,telefono,ubicacion) VALUES (73,'Honda','1622144','Kollam');
INSERT INTO Agencia (id_agencia,nombre,telefono,ubicacion) VALUES (74,'Renault','1670787','Lago Verde');
INSERT INTO Agencia (id_agencia,nombre,telefono,ubicacion) VALUES (75,'Toyota','16451570','NeuprŽ');
INSERT INTO Agencia (id_agencia,nombre,telefono,ubicacion) VALUES (76,'Honda','16880779','Grand-Reng');
INSERT INTO Agencia (id_agencia,nombre,telefono,ubicacion) VALUES (77,'Renault','1686490','Leut');
INSERT INTO Agencia (id_agencia,nombre,telefono,ubicacion) VALUES (78,'Honda','168901','Duque de Caxias');
INSERT INTO Agencia (id_agencia,nombre,telefono,ubicacion) VALUES (79,'Renault','1609267','Heestert');
INSERT INTO Agencia (id_agencia,nombre,telefono,ubicacion) VALUES (80,'Renault','1680404','Donk');
INSERT INTO Agencia (id_agencia,nombre,telefono,ubicacion) VALUES (81,'Nissan','1667013','Tolve');
INSERT INTO Agencia (id_agencia,nombre,telefono,ubicacion) VALUES (82,'Nissan','1640028','Dawson Creek');
INSERT INTO Agencia (id_agencia,nombre,telefono,ubicacion) VALUES (83,'Honda','1657032','Akşehir');
INSERT INTO Agencia (id_agencia,nombre,telefono,ubicacion) VALUES (84,'Renault','162538','Asso');
INSERT INTO Agencia (id_agencia,nombre,telefono,ubicacion) VALUES (85,'Ferrari','161267','Nivelles');
INSERT INTO Agencia (id_agencia,nombre,telefono,ubicacion) VALUES (86,'Toyota','162263','San Rafael');
INSERT INTO Agencia (id_agencia,nombre,telefono,ubicacion) VALUES (87,'Nissan','1618687','Bamberg');
INSERT INTO Agencia (id_agencia,nombre,telefono,ubicacion) VALUES (88,'Ferrari','1611060','Bevagna');
INSERT INTO Agencia (id_agencia,nombre,telefono,ubicacion) VALUES (89,'Renault','1690909','Nieuwenrode');
INSERT INTO Agencia (id_agencia,nombre,telefono,ubicacion) VALUES (90,'Toyota','165710','Moose Jaw');
INSERT INTO Agencia (id_agencia,nombre,telefono,ubicacion) VALUES (91,'Honda','165509','Vezzi Portio');
INSERT INTO Agencia (id_agencia,nombre,telefono,ubicacion) VALUES (92,'Toyota','162655','Varanasi');
INSERT INTO Agencia (id_agencia,nombre,telefono,ubicacion) VALUES (93,'Honda','1650064','Secunderabad');
INSERT INTO Agencia (id_agencia,nombre,telefono,ubicacion) VALUES (94,'Renault','1677961','Valéncia');
INSERT INTO Agencia (id_agencia,nombre,telefono,ubicacion) VALUES (95,'Renault','1615603','Tula');
INSERT INTO Agencia (id_agencia,nombre,telefono,ubicacion) VALUES (96,'Ferrari','1680827','Swadlincote');
INSERT INTO Agencia (id_agencia,nombre,telefono,ubicacion) VALUES (97,'Toyota','1622052','Banchory');
INSERT INTO Agencia (id_agencia,nombre,telefono,ubicacion) VALUES (98,'Renault','1680531','Champion');
INSERT INTO Agencia (id_agencia,nombre,telefono,ubicacion) VALUES (99,'Renault','162206','Freire');
INSERT INTO Agencia (id_agencia,nombre,telefono,ubicacion) VALUES (100,'Toyota','1666400','Grasse');

INSERT INTO Auto (id_auto,id_agencia,fecha_compra,modelo,version,hp,transmision,categoria,color,costo_compra) VALUES (1,1,'01/15/2016','Lincoln','Exclusive',406,'Automatic','Camioneta','red',59208);
INSERT INTO Auto (id_auto,id_agencia,fecha_compra,modelo,version,hp,transmision,categoria,color,costo_compra) VALUES (2,2,'11/13/2017','Fiat','Sense',236,'Manual','Carro','indigo',51152);
INSERT INTO Auto (id_auto,id_agencia,fecha_compra,modelo,version,hp,transmision,categoria,color,costo_compra) VALUES (3,3,'03/29/2015','Subaru','Custom',497,'Automatic','Ambos','indigo',57628);
INSERT INTO Auto (id_auto,id_agencia,fecha_compra,modelo,version,hp,transmision,categoria,color,costo_compra) VALUES (4,4,'03/17/2017','Fiat','Custom',406,'Manual','Camioneta','green',76439);
INSERT INTO Auto (id_auto,id_agencia,fecha_compra,modelo,version,hp,transmision,categoria,color,costo_compra) VALUES (5,5,'05/21/2017','Mazda','Sense',369,'Automatic','Carro','violet',54891);
INSERT INTO Auto (id_auto,id_agencia,fecha_compra,modelo,version,hp,transmision,categoria,color,costo_compra) VALUES (6,6,'03/10/2015','RAM Trucks','Exclusive',275,'Automatic','Camioneta','indigo',54455);
INSERT INTO Auto (id_auto,id_agencia,fecha_compra,modelo,version,hp,transmision,categoria,color,costo_compra) VALUES (7,7,'03/05/2016','Jeep','Custom',318,'Manual','Camioneta','indigo',62790);
INSERT INTO Auto (id_auto,id_agencia,fecha_compra,modelo,version,hp,transmision,categoria,color,costo_compra) VALUES (8,8,'11/22/2016','Chevrolet','Sense',426,'Automatic','Camioneta','violet',88034);
INSERT INTO Auto (id_auto,id_agencia,fecha_compra,modelo,version,hp,transmision,categoria,color,costo_compra) VALUES (9,9,'05/16/2015','Volvo','Exclusive',417,'Manual','Camioneta','violet',84881);
INSERT INTO Auto (id_auto,id_agencia,fecha_compra,modelo,version,hp,transmision,categoria,color,costo_compra) VALUES (10,10,'03/24/2016','Audi','Advance',320,'Automatic','Carro','blue',95445);
INSERT INTO Auto (id_auto,id_agencia,fecha_compra,modelo,version,hp,transmision,categoria,color,costo_compra) VALUES (11,11,'05/03/2016','Smart','Sense',404,'Manual','Camioneta','yellow',51105);
INSERT INTO Auto (id_auto,id_agencia,fecha_compra,modelo,version,hp,transmision,categoria,color,costo_compra) VALUES (12,12,'05/25/2015','Vauxhall','Exclusive',254,'Automatic','Camioneta','indigo',68917);
INSERT INTO Auto (id_auto,id_agencia,fecha_compra,modelo,version,hp,transmision,categoria,color,costo_compra) VALUES (13,13,'11/20/2015','Citroën','Advance',255,'Manual','Ambos','indigo',84028);
INSERT INTO Auto (id_auto,id_agencia,fecha_compra,modelo,version,hp,transmision,categoria,color,costo_compra) VALUES (14,14,'05/25/2015','Mazda','Exclusive',274,'Manual','Carro','orange',84095);
INSERT INTO Auto (id_auto,id_agencia,fecha_compra,modelo,version,hp,transmision,categoria,color,costo_compra) VALUES (15,15,'04/29/2015','Skoda','Exclusive',348,'Automatic','Carro','red',91947);
INSERT INTO Auto (id_auto,id_agencia,fecha_compra,modelo,version,hp,transmision,categoria,color,costo_compra) VALUES (16,16,'04/07/2016','Audi','Custom',424,'Automatic','Camioneta','yellow',72929);
INSERT INTO Auto (id_auto,id_agencia,fecha_compra,modelo,version,hp,transmision,categoria,color,costo_compra) VALUES (17,17,'02/02/2017','Kenworth','Advance',401,'Automatic','Carro','green',59845);
INSERT INTO Auto (id_auto,id_agencia,fecha_compra,modelo,version,hp,transmision,categoria,color,costo_compra) VALUES (18,18,'09/01/2017','Porsche','Advance',397,'Automatic','Carro','red',91645);
INSERT INTO Auto (id_auto,id_agencia,fecha_compra,modelo,version,hp,transmision,categoria,color,costo_compra) VALUES (19,19,'03/02/2018','Renault','Sense',235,'Automatic','Camioneta','violet',76435);
INSERT INTO Auto (id_auto,id_agencia,fecha_compra,modelo,version,hp,transmision,categoria,color,costo_compra) VALUES (20,20,'01/26/2016','Mazda','Sense',369,'Automatic','Camioneta','blue',76074);
INSERT INTO Auto (id_auto,id_agencia,fecha_compra,modelo,version,hp,transmision,categoria,color,costo_compra) VALUES (21,21,'12/18/2016','Kenworth','Custom',491,'Manual','Camioneta','indigo',60722);
INSERT INTO Auto (id_auto,id_agencia,fecha_compra,modelo,version,hp,transmision,categoria,color,costo_compra) VALUES (22,22,'12/31/2016','Volvo','Advance',354,'Automatic','Ambos','indigo',83473);
INSERT INTO Auto (id_auto,id_agencia,fecha_compra,modelo,version,hp,transmision,categoria,color,costo_compra) VALUES (23,23,'08/11/2015','Tata Motors','Advance',326,'Manual','Camioneta','indigo',71773);
INSERT INTO Auto (id_auto,id_agencia,fecha_compra,modelo,version,hp,transmision,categoria,color,costo_compra) VALUES (24,24,'08/29/2016','Fiat','Sense',260,'Automatic','Camioneta','orange',63222);
INSERT INTO Auto (id_auto,id_agencia,fecha_compra,modelo,version,hp,transmision,categoria,color,costo_compra) VALUES (25,25,'04/24/2016','JLR','Advance',233,'Manual','Carro','blue',75245);
INSERT INTO Auto (id_auto,id_agencia,fecha_compra,modelo,version,hp,transmision,categoria,color,costo_compra) VALUES (26,26,'11/17/2017','Chrysler','Advance',232,'Manual','Carro','red',51031);
INSERT INTO Auto (id_auto,id_agencia,fecha_compra,modelo,version,hp,transmision,categoria,color,costo_compra) VALUES (27,27,'10/25/2015','Cadillac','Exclusive',258,'Manual','Carro','red',88625);
INSERT INTO Auto (id_auto,id_agencia,fecha_compra,modelo,version,hp,transmision,categoria,color,costo_compra) VALUES (28,28,'12/07/2016','Buick','Exclusive',304,'Automatic','Camioneta','violet',55890);
INSERT INTO Auto (id_auto,id_agencia,fecha_compra,modelo,version,hp,transmision,categoria,color,costo_compra) VALUES (29,29,'01/17/2017','Porsche','Exclusive',207,'Manual','Ambos','indigo',93092);
INSERT INTO Auto (id_auto,id_agencia,fecha_compra,modelo,version,hp,transmision,categoria,color,costo_compra) VALUES (30,30,'02/28/2018','FAW','Sense',217,'Manual','Ambos','yellow',70446);
INSERT INTO Auto (id_auto,id_agencia,fecha_compra,modelo,version,hp,transmision,categoria,color,costo_compra) VALUES (31,31,'06/26/2015','Fiat','Exclusive',374,'Automatic','Camioneta','orange',55590);
INSERT INTO Auto (id_auto,id_agencia,fecha_compra,modelo,version,hp,transmision,categoria,color,costo_compra) VALUES (32,32,'02/10/2016','Audi','Custom',292,'Automatic','Camioneta','orange',71042);
INSERT INTO Auto (id_auto,id_agencia,fecha_compra,modelo,version,hp,transmision,categoria,color,costo_compra) VALUES (33,33,'04/11/2016','Suzuki','Exclusive',272,'Manual','Camioneta','orange',80838);
INSERT INTO Auto (id_auto,id_agencia,fecha_compra,modelo,version,hp,transmision,categoria,color,costo_compra) VALUES (34,34,'03/18/2017','JLR','Exclusive',442,'Automatic','Carro','violet',78621);
INSERT INTO Auto (id_auto,id_agencia,fecha_compra,modelo,version,hp,transmision,categoria,color,costo_compra) VALUES (35,35,'03/22/2017','Isuzu','Advance',291,'Automatic','Ambos','red',69937);
INSERT INTO Auto (id_auto,id_agencia,fecha_compra,modelo,version,hp,transmision,categoria,color,costo_compra) VALUES (36,36,'04/29/2015','Ferrari','Custom',349,'Manual','Ambos','green',88505);
INSERT INTO Auto (id_auto,id_agencia,fecha_compra,modelo,version,hp,transmision,categoria,color,costo_compra) VALUES (37,37,'03/15/2017','BMW','Exclusive',258,'Automatic','Ambos','green',81173);
INSERT INTO Auto (id_auto,id_agencia,fecha_compra,modelo,version,hp,transmision,categoria,color,costo_compra) VALUES (38,38,'09/06/2016','Jeep','Custom',376,'Manual','Carro','red',96956);
INSERT INTO Auto (id_auto,id_agencia,fecha_compra,modelo,version,hp,transmision,categoria,color,costo_compra) VALUES (39,39,'11/19/2017','Dongfeng Motor','Custom',499,'Automatic','Camioneta','green',80947);
INSERT INTO Auto (id_auto,id_agencia,fecha_compra,modelo,version,hp,transmision,categoria,color,costo_compra) VALUES (40,40,'03/27/2015','Fiat','Sense',328,'Automatic','Carro','violet',60343);
INSERT INTO Auto (id_auto,id_agencia,fecha_compra,modelo,version,hp,transmision,categoria,color,costo_compra) VALUES (41,41,'09/10/2017','Mazda','Custom',252,'Manual','Ambos','violet',89062);
INSERT INTO Auto (id_auto,id_agencia,fecha_compra,modelo,version,hp,transmision,categoria,color,costo_compra) VALUES (42,42,'11/22/2016','Mercedes-Benz','Sense',202,'Automatic','Ambos','violet',83643);
INSERT INTO Auto (id_auto,id_agencia,fecha_compra,modelo,version,hp,transmision,categoria,color,costo_compra) VALUES (43,43,'03/05/2015','Ford','Sense',384,'Automatic','Camioneta','green',72374);
INSERT INTO Auto (id_auto,id_agencia,fecha_compra,modelo,version,hp,transmision,categoria,color,costo_compra) VALUES (44,44,'08/16/2017','Dodge','Advance',474,'Manual','Ambos','green',62598);
INSERT INTO Auto (id_auto,id_agencia,fecha_compra,modelo,version,hp,transmision,categoria,color,costo_compra) VALUES (45,45,'10/15/2017','Nissan','Advance',344,'Manual','Camioneta','blue',96979);
INSERT INTO Auto (id_auto,id_agencia,fecha_compra,modelo,version,hp,transmision,categoria,color,costo_compra) VALUES (46,46,'09/14/2017','Vauxhall','Sense',377,'Automatic','Carro','orange',82045);
INSERT INTO Auto (id_auto,id_agencia,fecha_compra,modelo,version,hp,transmision,categoria,color,costo_compra) VALUES (47,47,'08/20/2015','Subaru','Sense',330,'Automatic','Ambos','indigo',81098);
INSERT INTO Auto (id_auto,id_agencia,fecha_compra,modelo,version,hp,transmision,categoria,color,costo_compra) VALUES (48,48,'06/30/2016','Mercedes-Benz','Exclusive',384,'Manual','Camioneta','violet',89919);
INSERT INTO Auto (id_auto,id_agencia,fecha_compra,modelo,version,hp,transmision,categoria,color,costo_compra) VALUES (49,49,'09/15/2015','Subaru','Custom',351,'Manual','Carro','indigo',78099);
INSERT INTO Auto (id_auto,id_agencia,fecha_compra,modelo,version,hp,transmision,categoria,color,costo_compra) VALUES (50,50,'05/26/2016','Mercedes-Benz','Custom',460,'Manual','Ambos','green',63855);
INSERT INTO Auto (id_auto,id_agencia,fecha_compra,modelo,version,hp,transmision,categoria,color,costo_compra) VALUES (51,51,'11/25/2016','Kenworth','Custom',470,'Manual','Ambos','blue',77636);
INSERT INTO Auto (id_auto,id_agencia,fecha_compra,modelo,version,hp,transmision,categoria,color,costo_compra) VALUES (52,52,'02/28/2016','MINI','Custom',384,'Manual','Camioneta','yellow',88287);
INSERT INTO Auto (id_auto,id_agencia,fecha_compra,modelo,version,hp,transmision,categoria,color,costo_compra) VALUES (53,53,'05/11/2016','Ferrari','Custom',405,'Manual','Ambos','yellow',58524);
INSERT INTO Auto (id_auto,id_agencia,fecha_compra,modelo,version,hp,transmision,categoria,color,costo_compra) VALUES (54,54,'02/08/2018','Mitsubishi Motors','Advance',358,'Automatic','Carro','yellow',92997);
INSERT INTO Auto (id_auto,id_agencia,fecha_compra,modelo,version,hp,transmision,categoria,color,costo_compra) VALUES (55,55,'03/09/2015','Kia Motors','Advance',491,'Automatic','Camioneta','green',56993);
INSERT INTO Auto (id_auto,id_agencia,fecha_compra,modelo,version,hp,transmision,categoria,color,costo_compra) VALUES (56,56,'03/06/2016','Chevrolet','Sense',206,'Automatic','Carro','yellow',54133);
INSERT INTO Auto (id_auto,id_agencia,fecha_compra,modelo,version,hp,transmision,categoria,color,costo_compra) VALUES (57,57,'02/24/2018','BMW','Sense',464,'Automatic','Camioneta','indigo',84971);
INSERT INTO Auto (id_auto,id_agencia,fecha_compra,modelo,version,hp,transmision,categoria,color,costo_compra) VALUES (58,58,'10/23/2015','RAM Trucks','Sense',352,'Manual','Camioneta','red',94224);
INSERT INTO Auto (id_auto,id_agencia,fecha_compra,modelo,version,hp,transmision,categoria,color,costo_compra) VALUES (59,59,'06/18/2017','Vauxhall','Advance',347,'Automatic','Ambos','indigo',68225);
INSERT INTO Auto (id_auto,id_agencia,fecha_compra,modelo,version,hp,transmision,categoria,color,costo_compra) VALUES (60,60,'11/13/2015','Hyundai Motors','Exclusive',365,'Manual','Carro','green',50696);
INSERT INTO Auto (id_auto,id_agencia,fecha_compra,modelo,version,hp,transmision,categoria,color,costo_compra) VALUES (61,61,'02/27/2018','Daimler','Advance',317,'Manual','Carro','indigo',51161);
INSERT INTO Auto (id_auto,id_agencia,fecha_compra,modelo,version,hp,transmision,categoria,color,costo_compra) VALUES (62,62,'09/18/2015','JLR','Sense',410,'Automatic','Carro','red',62149);
INSERT INTO Auto (id_auto,id_agencia,fecha_compra,modelo,version,hp,transmision,categoria,color,costo_compra) VALUES (63,63,'02/05/2016','Mitsubishi Motors','Sense',476,'Manual','Carro','red',75589);
INSERT INTO Auto (id_auto,id_agencia,fecha_compra,modelo,version,hp,transmision,categoria,color,costo_compra) VALUES (64,64,'11/26/2017','Volvo','Custom',222,'Automatic','Carro','green',52334);
INSERT INTO Auto (id_auto,id_agencia,fecha_compra,modelo,version,hp,transmision,categoria,color,costo_compra) VALUES (65,65,'02/17/2016','Nissan','Custom',352,'Manual','Carro','violet',50202);
INSERT INTO Auto (id_auto,id_agencia,fecha_compra,modelo,version,hp,transmision,categoria,color,costo_compra) VALUES (66,66,'10/06/2016','Tata Motors','Advance',216,'Manual','Carro','indigo',75260);
INSERT INTO Auto (id_auto,id_agencia,fecha_compra,modelo,version,hp,transmision,categoria,color,costo_compra) VALUES (67,67,'08/28/2017','Vauxhall','Sense',271,'Manual','Ambos','green',71916);
INSERT INTO Auto (id_auto,id_agencia,fecha_compra,modelo,version,hp,transmision,categoria,color,costo_compra) VALUES (68,68,'06/02/2017','Porsche','Sense',228,'Manual','Carro','orange',74391);
INSERT INTO Auto (id_auto,id_agencia,fecha_compra,modelo,version,hp,transmision,categoria,color,costo_compra) VALUES (69,69,'07/08/2016','Ferrari','Advance',417,'Manual','Carro','indigo',91662);
INSERT INTO Auto (id_auto,id_agencia,fecha_compra,modelo,version,hp,transmision,categoria,color,costo_compra) VALUES (70,70,'08/26/2015','Mercedes-Benz','Advance',377,'Manual','Carro','indigo',59249);
INSERT INTO Auto (id_auto,id_agencia,fecha_compra,modelo,version,hp,transmision,categoria,color,costo_compra) VALUES (71,71,'09/15/2015','Audi','Custom',446,'Manual','Carro','blue',62130);
INSERT INTO Auto (id_auto,id_agencia,fecha_compra,modelo,version,hp,transmision,categoria,color,costo_compra) VALUES (72,72,'05/14/2016','Mazda','Advance',455,'Automatic','Ambos','green',57915);
INSERT INTO Auto (id_auto,id_agencia,fecha_compra,modelo,version,hp,transmision,categoria,color,costo_compra) VALUES (73,73,'02/26/2018','Hyundai Motors','Custom',200,'Manual','Ambos','green',94836);
INSERT INTO Auto (id_auto,id_agencia,fecha_compra,modelo,version,hp,transmision,categoria,color,costo_compra) VALUES (74,74,'08/19/2016','Audi','Advance',419,'Automatic','Camioneta','orange',93518);
INSERT INTO Auto (id_auto,id_agencia,fecha_compra,modelo,version,hp,transmision,categoria,color,costo_compra) VALUES (75,75,'11/20/2015','Subaru','Advance',290,'Automatic','Carro','yellow',53920);
INSERT INTO Auto (id_auto,id_agencia,fecha_compra,modelo,version,hp,transmision,categoria,color,costo_compra) VALUES (76,76,'08/20/2015','Subaru','Custom',472,'Automatic','Ambos','indigo',50140);
INSERT INTO Auto (id_auto,id_agencia,fecha_compra,modelo,version,hp,transmision,categoria,color,costo_compra) VALUES (77,77,'06/06/2017','Dodge','Exclusive',273,'Manual','Ambos','green',65447);
INSERT INTO Auto (id_auto,id_agencia,fecha_compra,modelo,version,hp,transmision,categoria,color,costo_compra) VALUES (78,78,'10/12/2015','Volkswagen','Sense',493,'Manual','Ambos','green',65042);
INSERT INTO Auto (id_auto,id_agencia,fecha_compra,modelo,version,hp,transmision,categoria,color,costo_compra) VALUES (79,79,'09/17/2016','Subaru','Advance',495,'Manual','Carro','violet',80073);
INSERT INTO Auto (id_auto,id_agencia,fecha_compra,modelo,version,hp,transmision,categoria,color,costo_compra) VALUES (80,80,'05/30/2015','Kenworth','Custom',228,'Automatic','Ambos','orange',97485);
INSERT INTO Auto (id_auto,id_agencia,fecha_compra,modelo,version,hp,transmision,categoria,color,costo_compra) VALUES (81,81,'05/29/2016','Nissan','Sense',364,'Manual','Carro','violet',78809);
INSERT INTO Auto (id_auto,id_agencia,fecha_compra,modelo,version,hp,transmision,categoria,color,costo_compra) VALUES (82,82,'09/17/2015','Citroën','Exclusive',468,'Automatic','Ambos','violet',76143);
INSERT INTO Auto (id_auto,id_agencia,fecha_compra,modelo,version,hp,transmision,categoria,color,costo_compra) VALUES (83,83,'06/03/2017','Mahindra and Mahindra','Advance',388,'Automatic','Ambos','indigo',88542);
INSERT INTO Auto (id_auto,id_agencia,fecha_compra,modelo,version,hp,transmision,categoria,color,costo_compra) VALUES (84,84,'01/20/2018','Suzuki','Sense',237,'Manual','Carro','indigo',98266);
INSERT INTO Auto (id_auto,id_agencia,fecha_compra,modelo,version,hp,transmision,categoria,color,costo_compra) VALUES (85,85,'02/13/2018','Dacia','Custom',438,'Manual','Carro','red',61368);
INSERT INTO Auto (id_auto,id_agencia,fecha_compra,modelo,version,hp,transmision,categoria,color,costo_compra) VALUES (86,86,'06/24/2017','Suzuki','Custom',282,'Automatic','Ambos','blue',96311);
INSERT INTO Auto (id_auto,id_agencia,fecha_compra,modelo,version,hp,transmision,categoria,color,costo_compra) VALUES (87,87,'02/03/2018','Daihatsu','Sense',431,'Automatic','Camioneta','green',63435);
INSERT INTO Auto (id_auto,id_agencia,fecha_compra,modelo,version,hp,transmision,categoria,color,costo_compra) VALUES (88,88,'02/11/2017','Volkswagen','Exclusive',480,'Manual','Carro','indigo',76630);
INSERT INTO Auto (id_auto,id_agencia,fecha_compra,modelo,version,hp,transmision,categoria,color,costo_compra) VALUES (89,89,'04/20/2016','Mercedes-Benz','Advance',381,'Automatic','Carro','red',96806);
INSERT INTO Auto (id_auto,id_agencia,fecha_compra,modelo,version,hp,transmision,categoria,color,costo_compra) VALUES (90,90,'10/25/2015','Subaru','Exclusive',325,'Manual','Carro','violet',79141);
INSERT INTO Auto (id_auto,id_agencia,fecha_compra,modelo,version,hp,transmision,categoria,color,costo_compra) VALUES (91,91,'10/09/2016','Ferrari','Advance',257,'Manual','Camioneta','violet',85951);
INSERT INTO Auto (id_auto,id_agencia,fecha_compra,modelo,version,hp,transmision,categoria,color,costo_compra) VALUES (92,92,'12/05/2017','Buick','Exclusive',425,'Manual','Ambos','green',61030);
INSERT INTO Auto (id_auto,id_agencia,fecha_compra,modelo,version,hp,transmision,categoria,color,costo_compra) VALUES (93,93,'12/17/2017','Porsche','Sense',224,'Manual','Camioneta','yellow',92647);
INSERT INTO Auto (id_auto,id_agencia,fecha_compra,modelo,version,hp,transmision,categoria,color,costo_compra) VALUES (94,94,'01/24/2018','Toyota','Exclusive',466,'Automatic','Camioneta','green',61097);
INSERT INTO Auto (id_auto,id_agencia,fecha_compra,modelo,version,hp,transmision,categoria,color,costo_compra) VALUES (95,95,'03/30/2015','General Motors','Sense',350,'Automatic','Carro','green',61875);
INSERT INTO Auto (id_auto,id_agencia,fecha_compra,modelo,version,hp,transmision,categoria,color,costo_compra) VALUES (96,96,'09/10/2016','Mazda','Sense',463,'Manual','Carro','green',99760);
INSERT INTO Auto (id_auto,id_agencia,fecha_compra,modelo,version,hp,transmision,categoria,color,costo_compra) VALUES (97,97,'08/04/2017','Audi','Sense',442,'Manual','Ambos','indigo',52436);
INSERT INTO Auto (id_auto,id_agencia,fecha_compra,modelo,version,hp,transmision,categoria,color,costo_compra) VALUES (98,98,'12/31/2017','Kia Motors','Exclusive',398,'Manual','Camioneta','yellow',85042);
INSERT INTO Auto (id_auto,id_agencia,fecha_compra,modelo,version,hp,transmision,categoria,color,costo_compra) VALUES (99,99,'06/29/2017','Mahindra and Mahindra','Custom',365,'Manual','Carro','violet',57594);
INSERT INTO Auto (id_auto,id_agencia,fecha_compra,modelo,version,hp,transmision,categoria,color,costo_compra) VALUES (100,100,'08/20/2017','Dacia','Sense',403,'Automatic','Carro','red',68700);





INSERT INTO Direccion (id_direccion,estado,cp) VALUES (1,'Queretaro','44700-228');
INSERT INTO Direccion (id_direccion,estado,cp) VALUES (2,'Sonora','98435');
INSERT INTO Direccion (id_direccion,estado,cp) VALUES (3,'Guerrero','90937');
INSERT INTO Direccion (id_direccion,estado,cp) VALUES (4,'Oaxaca','952700');
INSERT INTO Direccion (id_direccion,estado,cp) VALUES (5,'Veracruz','4716');
INSERT INTO Direccion (id_direccion,estado,cp) VALUES (6,'Guerrero','39036');
INSERT INTO Direccion (id_direccion,estado,cp) VALUES (7,'Queretaro','589296');
INSERT INTO Direccion (id_direccion,estado,cp) VALUES (8,'Veracruz','64-680');
INSERT INTO Direccion (id_direccion,estado,cp) VALUES (9,'Sonora','1036');
INSERT INTO Direccion (id_direccion,estado,cp) VALUES (10,'Sonora','BR6 4SE');
INSERT INTO Direccion (id_direccion,estado,cp) VALUES (11,'Guerrero','30643');
INSERT INTO Direccion (id_direccion,estado,cp) VALUES (12,'Queretaro','5667 WX');
INSERT INTO Direccion (id_direccion,estado,cp) VALUES (13,'Guerrero','5678');
INSERT INTO Direccion (id_direccion,estado,cp) VALUES (14,'Veracruz','32029');
INSERT INTO Direccion (id_direccion,estado,cp) VALUES (15,'Veracruz','917449');
INSERT INTO Direccion (id_direccion,estado,cp) VALUES (16,'CDMX','5220');
INSERT INTO Direccion (id_direccion,estado,cp) VALUES (17,'Guerrero','8952');
INSERT INTO Direccion (id_direccion,estado,cp) VALUES (18,'Sonora','58-364');
INSERT INTO Direccion (id_direccion,estado,cp) VALUES (19,'Guerrero','81686');
INSERT INTO Direccion (id_direccion,estado,cp) VALUES (20,'Veracruz','5211 NN');
INSERT INTO Direccion (id_direccion,estado,cp) VALUES (21,'CDMX','634100');
INSERT INTO Direccion (id_direccion,estado,cp) VALUES (22,'Zacatecas','65969');
INSERT INTO Direccion (id_direccion,estado,cp) VALUES (23,'Guerrero','9800');
INSERT INTO Direccion (id_direccion,estado,cp) VALUES (24,'Queretaro','Y0M 3G3');
INSERT INTO Direccion (id_direccion,estado,cp) VALUES (25,'Oaxaca','46394');
INSERT INTO Direccion (id_direccion,estado,cp) VALUES (26,'Guerrero','14662');
INSERT INTO Direccion (id_direccion,estado,cp) VALUES (27,'Oaxaca','7329');
INSERT INTO Direccion (id_direccion,estado,cp) VALUES (28,'Guerrero','83945-483');
INSERT INTO Direccion (id_direccion,estado,cp) VALUES (29,'Oaxaca','9457');
INSERT INTO Direccion (id_direccion,estado,cp) VALUES (30,'Zacatecas','74279');
INSERT INTO Direccion (id_direccion,estado,cp) VALUES (31,'Queretaro','77853');
INSERT INTO Direccion (id_direccion,estado,cp) VALUES (32,'Zacatecas','38574');
INSERT INTO Direccion (id_direccion,estado,cp) VALUES (33,'Guerrero','2115 ZX');
INSERT INTO Direccion (id_direccion,estado,cp) VALUES (34,'Guerrero','412680');
INSERT INTO Direccion (id_direccion,estado,cp) VALUES (35,'Zacatecas','Y1E 8P3');
INSERT INTO Direccion (id_direccion,estado,cp) VALUES (36,'Veracruz','63669');
INSERT INTO Direccion (id_direccion,estado,cp) VALUES (37,'Guerrero','N8Z 0NR');
INSERT INTO Direccion (id_direccion,estado,cp) VALUES (38,'Queretaro','922354');
INSERT INTO Direccion (id_direccion,estado,cp) VALUES (39,'Guerrero','39732-475');
INSERT INTO Direccion (id_direccion,estado,cp) VALUES (40,'Veracruz','467994');
INSERT INTO Direccion (id_direccion,estado,cp) VALUES (41,'CDMX','60282');
INSERT INTO Direccion (id_direccion,estado,cp) VALUES (42,'Veracruz','E27 2CI');
INSERT INTO Direccion (id_direccion,estado,cp) VALUES (43,'Guerrero','71346-792');
INSERT INTO Direccion (id_direccion,estado,cp) VALUES (44,'Oaxaca','34696');
INSERT INTO Direccion (id_direccion,estado,cp) VALUES (45,'CDMX','DJ2 7CK');
INSERT INTO Direccion (id_direccion,estado,cp) VALUES (46,'Zacatecas','5505');
INSERT INTO Direccion (id_direccion,estado,cp) VALUES (47,'CDMX','82596');
INSERT INTO Direccion (id_direccion,estado,cp) VALUES (48,'Sonora','94679-789');
INSERT INTO Direccion (id_direccion,estado,cp) VALUES (49,'Zacatecas','5306');
INSERT INTO Direccion (id_direccion,estado,cp) VALUES (50,'Sonora','88950');
INSERT INTO Direccion (id_direccion,estado,cp) VALUES (51,'Sonora','94188');
INSERT INTO Direccion (id_direccion,estado,cp) VALUES (52,'Sonora','8749');
INSERT INTO Direccion (id_direccion,estado,cp) VALUES (53,'CDMX','29219-107');
INSERT INTO Direccion (id_direccion,estado,cp) VALUES (54,'Queretaro','D18 3HE');
INSERT INTO Direccion (id_direccion,estado,cp) VALUES (55,'Oaxaca','3555');
INSERT INTO Direccion (id_direccion,estado,cp) VALUES (56,'Oaxaca','3578');
INSERT INTO Direccion (id_direccion,estado,cp) VALUES (57,'Veracruz','583130');
INSERT INTO Direccion (id_direccion,estado,cp) VALUES (58,'Sonora','S5V 6L2');
INSERT INTO Direccion (id_direccion,estado,cp) VALUES (59,'Guerrero','46617-705');
INSERT INTO Direccion (id_direccion,estado,cp) VALUES (60,'Guerrero','802809');
INSERT INTO Direccion (id_direccion,estado,cp) VALUES (61,'Veracruz','83780');
INSERT INTO Direccion (id_direccion,estado,cp) VALUES (62,'Oaxaca','9063 HM');
INSERT INTO Direccion (id_direccion,estado,cp) VALUES (63,'Zacatecas','7941 AW');
INSERT INTO Direccion (id_direccion,estado,cp) VALUES (64,'CDMX','S3K 7S7');
INSERT INTO Direccion (id_direccion,estado,cp) VALUES (65,'Zacatecas','3646');
INSERT INTO Direccion (id_direccion,estado,cp) VALUES (66,'Zacatecas','20471');
INSERT INTO Direccion (id_direccion,estado,cp) VALUES (67,'Guerrero','89035');
INSERT INTO Direccion (id_direccion,estado,cp) VALUES (68,'Queretaro','8783');
INSERT INTO Direccion (id_direccion,estado,cp) VALUES (69,'Queretaro','76664');
INSERT INTO Direccion (id_direccion,estado,cp) VALUES (70,'CDMX','86181');
INSERT INTO Direccion (id_direccion,estado,cp) VALUES (71,'Guerrero','J5B 0E3');
INSERT INTO Direccion (id_direccion,estado,cp) VALUES (72,'Oaxaca','219839');
INSERT INTO Direccion (id_direccion,estado,cp) VALUES (73,'Queretaro','92642-688');
INSERT INTO Direccion (id_direccion,estado,cp) VALUES (74,'Sonora','20810');
INSERT INTO Direccion (id_direccion,estado,cp) VALUES (75,'Oaxaca','33803');
INSERT INTO Direccion (id_direccion,estado,cp) VALUES (76,'CDMX','5175');
INSERT INTO Direccion (id_direccion,estado,cp) VALUES (77,'Queretaro','224607');
INSERT INTO Direccion (id_direccion,estado,cp) VALUES (78,'Oaxaca','70598');
INSERT INTO Direccion (id_direccion,estado,cp) VALUES (79,'Queretaro','44659');
INSERT INTO Direccion (id_direccion,estado,cp) VALUES (80,'Oaxaca','N7E 5C7');
INSERT INTO Direccion (id_direccion,estado,cp) VALUES (81,'Sonora','295804');
INSERT INTO Direccion (id_direccion,estado,cp) VALUES (82,'Sonora','60513');
INSERT INTO Direccion (id_direccion,estado,cp) VALUES (83,'Queretaro','75262');
INSERT INTO Direccion (id_direccion,estado,cp) VALUES (84,'Zacatecas','8392');
INSERT INTO Direccion (id_direccion,estado,cp) VALUES (85,'CDMX','4074');
INSERT INTO Direccion (id_direccion,estado,cp) VALUES (86,'Veracruz','1660 DS');
INSERT INTO Direccion (id_direccion,estado,cp) VALUES (87,'Guerrero','6337');
INSERT INTO Direccion (id_direccion,estado,cp) VALUES (88,'Sonora','78978');
INSERT INTO Direccion (id_direccion,estado,cp) VALUES (89,'Zacatecas','46438');
INSERT INTO Direccion (id_direccion,estado,cp) VALUES (90,'Veracruz','44228');
INSERT INTO Direccion (id_direccion,estado,cp) VALUES (91,'Oaxaca','3929');
INSERT INTO Direccion (id_direccion,estado,cp) VALUES (92,'Zacatecas','587530');
INSERT INTO Direccion (id_direccion,estado,cp) VALUES (93,'Zacatecas','455550');
INSERT INTO Direccion (id_direccion,estado,cp) VALUES (94,'Queretaro','7333');
INSERT INTO Direccion (id_direccion,estado,cp) VALUES (95,'CDMX','61409');
INSERT INTO Direccion (id_direccion,estado,cp) VALUES (96,'Veracruz','71697');
INSERT INTO Direccion (id_direccion,estado,cp) VALUES (97,'CDMX','7738');
INSERT INTO Direccion (id_direccion,estado,cp) VALUES (98,'Guerrero','GD7 3OW');
INSERT INTO Direccion (id_direccion,estado,cp) VALUES (99,'Veracruz','10848');
INSERT INTO Direccion (id_direccion,estado,cp) VALUES (100,'Veracruz','G15 1CD');



INSERT INTO Ubica (id_agencia,id_direccion) VALUES (1,1);
INSERT INTO Ubica (id_agencia,id_direccion) VALUES (2,2);
INSERT INTO Ubica (id_agencia,id_direccion) VALUES (3,3);
INSERT INTO Ubica (id_agencia,id_direccion) VALUES (4,4);
INSERT INTO Ubica (id_agencia,id_direccion) VALUES (5,5);
INSERT INTO Ubica (id_agencia,id_direccion) VALUES (6,6);
INSERT INTO Ubica (id_agencia,id_direccion) VALUES (7,7);
INSERT INTO Ubica (id_agencia,id_direccion) VALUES (8,8);
INSERT INTO Ubica (id_agencia,id_direccion) VALUES (9,9);
INSERT INTO Ubica (id_agencia,id_direccion) VALUES (10,10);
INSERT INTO Ubica (id_agencia,id_direccion) VALUES (11,11);
INSERT INTO Ubica (id_agencia,id_direccion) VALUES (12,12);
INSERT INTO Ubica (id_agencia,id_direccion) VALUES (13,13);
INSERT INTO Ubica (id_agencia,id_direccion) VALUES (14,14);
INSERT INTO Ubica (id_agencia,id_direccion) VALUES (15,15);
INSERT INTO Ubica (id_agencia,id_direccion) VALUES (16,16);
INSERT INTO Ubica (id_agencia,id_direccion) VALUES (17,17);
INSERT INTO Ubica (id_agencia,id_direccion) VALUES (18,18);
INSERT INTO Ubica (id_agencia,id_direccion) VALUES (19,19);
INSERT INTO Ubica (id_agencia,id_direccion) VALUES (20,20);
INSERT INTO Ubica (id_agencia,id_direccion) VALUES (21,21);
INSERT INTO Ubica (id_agencia,id_direccion) VALUES (22,22);
INSERT INTO Ubica (id_agencia,id_direccion) VALUES (23,23);
INSERT INTO Ubica (id_agencia,id_direccion) VALUES (24,24);
INSERT INTO Ubica (id_agencia,id_direccion) VALUES (25,25);
INSERT INTO Ubica (id_agencia,id_direccion) VALUES (26,26);
INSERT INTO Ubica (id_agencia,id_direccion) VALUES (27,27);
INSERT INTO Ubica (id_agencia,id_direccion) VALUES (28,28);
INSERT INTO Ubica (id_agencia,id_direccion) VALUES (29,29);
INSERT INTO Ubica (id_agencia,id_direccion) VALUES (30,30);
INSERT INTO Ubica (id_agencia,id_direccion) VALUES (31,31);
INSERT INTO Ubica (id_agencia,id_direccion) VALUES (32,32);
INSERT INTO Ubica (id_agencia,id_direccion) VALUES (33,33);
INSERT INTO Ubica (id_agencia,id_direccion) VALUES (34,34);
INSERT INTO Ubica (id_agencia,id_direccion) VALUES (35,35);
INSERT INTO Ubica (id_agencia,id_direccion) VALUES (36,36);
INSERT INTO Ubica (id_agencia,id_direccion) VALUES (37,37);
INSERT INTO Ubica (id_agencia,id_direccion) VALUES (38,38);
INSERT INTO Ubica (id_agencia,id_direccion) VALUES (39,39);
INSERT INTO Ubica (id_agencia,id_direccion) VALUES (40,40);
INSERT INTO Ubica (id_agencia,id_direccion) VALUES (41,41);
INSERT INTO Ubica (id_agencia,id_direccion) VALUES (42,42);
INSERT INTO Ubica (id_agencia,id_direccion) VALUES (43,43);
INSERT INTO Ubica (id_agencia,id_direccion) VALUES (44,44);
INSERT INTO Ubica (id_agencia,id_direccion) VALUES (45,45);
INSERT INTO Ubica (id_agencia,id_direccion) VALUES (46,46);
INSERT INTO Ubica (id_agencia,id_direccion) VALUES (47,47);
INSERT INTO Ubica (id_agencia,id_direccion) VALUES (48,48);
INSERT INTO Ubica (id_agencia,id_direccion) VALUES (49,49);
INSERT INTO Ubica (id_agencia,id_direccion) VALUES (50,50);
INSERT INTO Ubica (id_agencia,id_direccion) VALUES (51,51);
INSERT INTO Ubica (id_agencia,id_direccion) VALUES (52,52);
INSERT INTO Ubica (id_agencia,id_direccion) VALUES (53,53);
INSERT INTO Ubica (id_agencia,id_direccion) VALUES (54,54);
INSERT INTO Ubica (id_agencia,id_direccion) VALUES (55,55);
INSERT INTO Ubica (id_agencia,id_direccion) VALUES (56,56);
INSERT INTO Ubica (id_agencia,id_direccion) VALUES (57,57);
INSERT INTO Ubica (id_agencia,id_direccion) VALUES (58,58);
INSERT INTO Ubica (id_agencia,id_direccion) VALUES (59,59);
INSERT INTO Ubica (id_agencia,id_direccion) VALUES (60,60);
INSERT INTO Ubica (id_agencia,id_direccion) VALUES (61,61);
INSERT INTO Ubica (id_agencia,id_direccion) VALUES (62,62);
INSERT INTO Ubica (id_agencia,id_direccion) VALUES (63,63);
INSERT INTO Ubica (id_agencia,id_direccion) VALUES (64,64);
INSERT INTO Ubica (id_agencia,id_direccion) VALUES (65,65);
INSERT INTO Ubica (id_agencia,id_direccion) VALUES (66,66);
INSERT INTO Ubica (id_agencia,id_direccion) VALUES (67,67);
INSERT INTO Ubica (id_agencia,id_direccion) VALUES (68,68);
INSERT INTO Ubica (id_agencia,id_direccion) VALUES (69,69);
INSERT INTO Ubica (id_agencia,id_direccion) VALUES (70,70);
INSERT INTO Ubica (id_agencia,id_direccion) VALUES (71,71);
INSERT INTO Ubica (id_agencia,id_direccion) VALUES (72,72);
INSERT INTO Ubica (id_agencia,id_direccion) VALUES (73,73);
INSERT INTO Ubica (id_agencia,id_direccion) VALUES (74,74);
INSERT INTO Ubica (id_agencia,id_direccion) VALUES (75,75);
INSERT INTO Ubica (id_agencia,id_direccion) VALUES (76,76);
INSERT INTO Ubica (id_agencia,id_direccion) VALUES (77,77);
INSERT INTO Ubica (id_agencia,id_direccion) VALUES (78,78);
INSERT INTO Ubica (id_agencia,id_direccion) VALUES (79,79);
INSERT INTO Ubica (id_agencia,id_direccion) VALUES (80,80);
INSERT INTO Ubica (id_agencia,id_direccion) VALUES (81,81);
INSERT INTO Ubica (id_agencia,id_direccion) VALUES (82,82);
INSERT INTO Ubica (id_agencia,id_direccion) VALUES (83,83);
INSERT INTO Ubica (id_agencia,id_direccion) VALUES (84,84);
INSERT INTO Ubica (id_agencia,id_direccion) VALUES (85,85);
INSERT INTO Ubica (id_agencia,id_direccion) VALUES (86,86);
INSERT INTO Ubica (id_agencia,id_direccion) VALUES (87,87);
INSERT INTO Ubica (id_agencia,id_direccion) VALUES (88,88);
INSERT INTO Ubica (id_agencia,id_direccion) VALUES (89,89);
INSERT INTO Ubica (id_agencia,id_direccion) VALUES (90,90);
INSERT INTO Ubica (id_agencia,id_direccion) VALUES (91,91);
INSERT INTO Ubica (id_agencia,id_direccion) VALUES (92,92);
INSERT INTO Ubica (id_agencia,id_direccion) VALUES (93,93);
INSERT INTO Ubica (id_agencia,id_direccion) VALUES (94,94);
INSERT INTO Ubica (id_agencia,id_direccion) VALUES (95,95);
INSERT INTO Ubica (id_agencia,id_direccion) VALUES (96,96);
INSERT INTO Ubica (id_agencia,id_direccion) VALUES (97,97);
INSERT INTO Ubica (id_agencia,id_direccion) VALUES (98,98);
INSERT INTO Ubica (id_agencia,id_direccion) VALUES (99,99);
INSERT INTO Ubica (id_agencia,id_direccion) VALUES (100,100);




INSERT INTO Persona (curp,nombre,apaterno,amaterno,edad,genero,telefono,correo) VALUES (1,'Fallon','Moon','Boyer',49,'Femenino','168907','laoreet@imperdietullamcorper.com');
INSERT INTO Persona (curp,nombre,apaterno,amaterno,edad,genero,telefono,correo) VALUES (2,'Sybil','Shepherd','Parsons',30,'Masculino','1619080','sed.leo@nullaIntincidunt.org');
INSERT INTO Persona (curp,nombre,apaterno,amaterno,edad,genero,telefono,correo) VALUES (3,'Mollie','Ruiz','Oneal',29,'Femenino','1618266','nec.ante.blandit@felispurus.org');
INSERT INTO Persona (curp,nombre,apaterno,amaterno,edad,genero,telefono,correo) VALUES (4,'Henry','Hicks','Sweet',54,'Masculino','164609','aliquet@pellentesquea.org');
INSERT INTO Persona (curp,nombre,apaterno,amaterno,edad,genero,telefono,correo) VALUES (5,'Aurora','Fuentes','Simpson',52,'Femenino','161049','Donec.felis@NullafacilisiSed.com');
INSERT INTO Persona (curp,nombre,apaterno,amaterno,edad,genero,telefono,correo) VALUES (6,'Jenette','Hendricks','Donaldson',65,'Femenino','16785','Donec.luctus.aliquet@luctus.co.uk');
INSERT INTO Persona (curp,nombre,apaterno,amaterno,edad,genero,telefono,correo) VALUES (7,'Branden','Spencer','Carter',33,'Masculino','197774','eget.nisi.dictum@egetdictumplacerat.co.uk');
INSERT INTO Persona (curp,nombre,apaterno,amaterno,edad,genero,telefono,correo) VALUES (8,'Bert','Mccoy','Bender',56,'Masculino','168017','tristique.ac.eleifend@lobortismaurisSuspendisse.com');
INSERT INTO Persona (curp,nombre,apaterno,amaterno,edad,genero,telefono,correo) VALUES (9,'Kirestin','Patton','Vargas',53,'Femenino','163917','non.luctus@et.com');
INSERT INTO Persona (curp,nombre,apaterno,amaterno,edad,genero,telefono,correo) VALUES (10,'Cairo','Atkinson','Hester',24,'Masculino','163675','Morbi@Aeneanmassa.org');
INSERT INTO Persona (curp,nombre,apaterno,amaterno,edad,genero,telefono,correo) VALUES (11,'Garrett','Mooney','Hutchinson',43,'Femenino','161773','eros.Proin.ultrices@arcuNuncmauris.edu');
INSERT INTO Persona (curp,nombre,apaterno,amaterno,edad,genero,telefono,correo) VALUES (12,'Claudia','Sawyer','Fernandez',25,'Femenino','167558','posuere@aliquetodioEtiam.co.uk');
INSERT INTO Persona (curp,nombre,apaterno,amaterno,edad,genero,telefono,correo) VALUES (13,'Geoffrey','Ellis','Moore',23,'Masculino','16583','erat.Etiam.vestibulum@nonquam.org');
INSERT INTO Persona (curp,nombre,apaterno,amaterno,edad,genero,telefono,correo) VALUES (14,'Jaquelyn','Mcclure','Haley',50,'Masculino','162789','nibh@sodalespurusin.org');
INSERT INTO Persona (curp,nombre,apaterno,amaterno,edad,genero,telefono,correo) VALUES (15,'Cruz','Manning','Henson',26,'Masculino','168112','ac.fermentum.vel@convallisin.org');
INSERT INTO Persona (curp,nombre,apaterno,amaterno,edad,genero,telefono,correo) VALUES (16,'Talon','Moss','Mathews',36,'Masculino','166899','convallis.erat@tristique.edu');
INSERT INTO Persona (curp,nombre,apaterno,amaterno,edad,genero,telefono,correo) VALUES (17,'Barrett','Roach','Boyd',50,'Femenino','1657056','fringilla@Donec.edu');
INSERT INTO Persona (curp,nombre,apaterno,amaterno,edad,genero,telefono,correo) VALUES (18,'Virginia','Howell','Henry',53,'Femenino','1630251','malesuada.fames.ac@enimSuspendissealiquet.com');
INSERT INTO Persona (curp,nombre,apaterno,amaterno,edad,genero,telefono,correo) VALUES (19,'Stella','Mccoy','Pate',18,'Masculino','164553','leo@Fuscedolorquam.org');
INSERT INTO Persona (curp,nombre,apaterno,amaterno,edad,genero,telefono,correo) VALUES (20,'Cairo','Huber','Hunter',40,'Masculino','168321','luctus.ut@luctussitamet.co.uk');
INSERT INTO Persona (curp,nombre,apaterno,amaterno,edad,genero,telefono,correo) VALUES (21,'Fay','Knowles','Ayers',64,'Masculino','167829','mauris.ipsum@Suspendisse.edu');
INSERT INTO Persona (curp,nombre,apaterno,amaterno,edad,genero,telefono,correo) VALUES (22,'Emery','Sears','Reeves',61,'Masculino','1642029','ipsum.primis@augueut.com');
INSERT INTO Persona (curp,nombre,apaterno,amaterno,edad,genero,telefono,correo) VALUES (23,'Oprah','Warner','Matthews',49,'Femenino','1645097','ut.cursus.luctus@utlacus.co.uk');
INSERT INTO Persona (curp,nombre,apaterno,amaterno,edad,genero,telefono,correo) VALUES (24,'Lamar','Ryan','Dean',40,'Masculino','163073','sem.ut.cursus@volutpat.ca');
INSERT INTO Persona (curp,nombre,apaterno,amaterno,edad,genero,telefono,correo) VALUES (25,'Jena','Hess','Mathews',29,'Masculino','16581271','semper.auctor@sitamet.edu');
INSERT INTO Persona (curp,nombre,apaterno,amaterno,edad,genero,telefono,correo) VALUES (26,'Yoshio','Hart','Simmons',37,'Masculino','1624096','nibh.Phasellus.nulla@purussapiengravida.net');
INSERT INTO Persona (curp,nombre,apaterno,amaterno,edad,genero,telefono,correo) VALUES (27,'Salvador','Stephenson','Howard',46,'Femenino','164268','aliquet.metus@pretium.ca');
INSERT INTO Persona (curp,nombre,apaterno,amaterno,edad,genero,telefono,correo) VALUES (28,'Remedios','James','Barlow',46,'Masculino','168534','semper.dui.lectus@vitae.org');
INSERT INTO Persona (curp,nombre,apaterno,amaterno,edad,genero,telefono,correo) VALUES (29,'Ishmael','Walsh','Mason',42,'Masculino','1601073','sociis.natoque.penatibus@rutrumjustoPraesent.co.uk');
INSERT INTO Persona (curp,nombre,apaterno,amaterno,edad,genero,telefono,correo) VALUES (30,'Kareem','Ellis','Merritt',59,'Femenino','1606047','adipiscing.elit.Curabitur@semelitpharetra.co.uk');
INSERT INTO Persona (curp,nombre,apaterno,amaterno,edad,genero,telefono,correo) VALUES (31,'Maisie','Anthony','Walls',54,'Femenino','1606192','Nam.nulla.magna@euerosNam.org');
INSERT INTO Persona (curp,nombre,apaterno,amaterno,edad,genero,telefono,correo) VALUES (32,'Axel','Mayer','Valencia',18,'Femenino','1609090','lorem.ipsum.sodales@nuncsedlibero.com');
INSERT INTO Persona (curp,nombre,apaterno,amaterno,edad,genero,telefono,correo) VALUES (33,'Marvin','Lowery','Smith',39,'Masculino','167215','vel@odioNaminterdum.edu');
INSERT INTO Persona (curp,nombre,apaterno,amaterno,edad,genero,telefono,correo) VALUES (34,'Brenda','Sawyer','Rivera',29,'Femenino','1629199','tempor.augue@arcuCurabiturut.org');
INSERT INTO Persona (curp,nombre,apaterno,amaterno,edad,genero,telefono,correo) VALUES (35,'Bradley','Farmer','Short',58,'Masculino','1648181','vitae.sodales.at@vitaediam.co.uk');
INSERT INTO Persona (curp,nombre,apaterno,amaterno,edad,genero,telefono,correo) VALUES (36,'Gabriel','Hammond','Santana',42,'Femenino','1691706','sit.amet.faucibus@parturient.com');
INSERT INTO Persona (curp,nombre,apaterno,amaterno,edad,genero,telefono,correo) VALUES (37,'Benedict','Camacho','Rogers',21,'Masculino','1619065','ultricies.dignissim.lacus@sitametnulla.edu');
INSERT INTO Persona (curp,nombre,apaterno,amaterno,edad,genero,telefono,correo) VALUES (38,'Deacon','Juarez','Wilkinson',23,'Femenino','16880731','Vivamus.sit.amet@quis.com');
INSERT INTO Persona (curp,nombre,apaterno,amaterno,edad,genero,telefono,correo) VALUES (39,'Sierra','Taylor','Kirkland',41,'Masculino','1642391','primis@orciconsectetuer.edu');
INSERT INTO Persona (curp,nombre,apaterno,amaterno,edad,genero,telefono,correo) VALUES (40,'George','Branch','Moses',40,'Femenino','1663094','libero.et.tristique@Mauriseu.com');
INSERT INTO Persona (curp,nombre,apaterno,amaterno,edad,genero,telefono,correo) VALUES (41,'Cadman','Foley','Dickson',38,'Masculino','1674014','adipiscing.lobortis.risus@ullamcorper.com');
INSERT INTO Persona (curp,nombre,apaterno,amaterno,edad,genero,telefono,correo) VALUES (42,'Zenia','Mcdowell','Dickson',61,'Femenino','1697095','Mauris@Aliquamauctor.co.uk');
INSERT INTO Persona (curp,nombre,apaterno,amaterno,edad,genero,telefono,correo) VALUES (43,'Iola','Kerr','Weaver',21,'Femenino','1624094','fames@amet.edu');
INSERT INTO Persona (curp,nombre,apaterno,amaterno,edad,genero,telefono,correo) VALUES (44,'Stella','Lang','Houston',51,'Femenino','165704971','risus.odio@quislectusNullam.ca');
INSERT INTO Persona (curp,nombre,apaterno,amaterno,edad,genero,telefono,correo) VALUES (45,'Fuller','Fisher','Carney',60,'Masculino','168201854','eu.eros@loremipsum.com');
INSERT INTO Persona (curp,nombre,apaterno,amaterno,edad,genero,telefono,correo) VALUES (46,'Amity','Acevedo','Morrow',45,'Masculino','166101128','ornare@sem.org');
INSERT INTO Persona (curp,nombre,apaterno,amaterno,edad,genero,telefono,correo) VALUES (47,'Jescie','Mathews','Wilder',53,'Femenino','16531213','purus@Nullamvitae.ca');
INSERT INTO Persona (curp,nombre,apaterno,amaterno,edad,genero,telefono,correo) VALUES (48,'Nomlanga','Jimenez','Barlow',31,'Masculino','16580879','cursus@ultrices.net');
INSERT INTO Persona (curp,nombre,apaterno,amaterno,edad,genero,telefono,correo) VALUES (49,'September','Kent','Mays',65,'Femenino','165012305','urna.Vivamus.molestie@sagittis.ca');
INSERT INTO Persona (curp,nombre,apaterno,amaterno,edad,genero,telefono,correo) VALUES (50,'Tana','Dickson','Stevenson',39,'Femenino','1695013','ac.tellus.Suspendisse@lobortis.edu');
INSERT INTO Persona (curp,nombre,apaterno,amaterno,edad,genero,telefono,correo) VALUES (51,'Jamalia','Hendricks','Rush',35,'Masculino','16700422','quam.vel.sapien@Morbiquis.org');
INSERT INTO Persona (curp,nombre,apaterno,amaterno,edad,genero,telefono,correo) VALUES (52,'Kibo','Owen','Lloyd',20,'Masculino','1650022','Vestibulum.accumsan.neque@Loremipsumdolor.ca');
INSERT INTO Persona (curp,nombre,apaterno,amaterno,edad,genero,telefono,correo) VALUES (53,'Jocelyn','Finch','Tanner',27,'Masculino','1685189','felis@odioPhasellus.ca');
INSERT INTO Persona (curp,nombre,apaterno,amaterno,edad,genero,telefono,correo) VALUES (54,'Kirsten','Bush','Valdez',63,'Masculino','1674174','cursus@velitegestaslacinia.co.uk');
INSERT INTO Persona (curp,nombre,apaterno,amaterno,edad,genero,telefono,correo) VALUES (55,'Kane','Sandoval','Logan',37,'Femenino','16640401','sem.vitae@aauctor.co.uk');
INSERT INTO Persona (curp,nombre,apaterno,amaterno,edad,genero,telefono,correo) VALUES (56,'Edward','Martinez','Hays',25,'Femenino','16921145','pede.Nunc@aenim.ca');
INSERT INTO Persona (curp,nombre,apaterno,amaterno,edad,genero,telefono,correo) VALUES (57,'Dieter','Williams','Atkins',42,'Masculino','16091554','mattis@necurna.com');
INSERT INTO Persona (curp,nombre,apaterno,amaterno,edad,genero,telefono,correo) VALUES (58,'Portia','Booker','Benson',51,'Masculino','16980160','pellentesque@ametloremsemper.co.uk');
INSERT INTO Persona (curp,nombre,apaterno,amaterno,edad,genero,telefono,correo) VALUES (59,'Galena','Clemons','Hess',32,'Femenino','16691215','convallis.ligula.Donec@aultriciesadipiscing.ca');
INSERT INTO Persona (curp,nombre,apaterno,amaterno,edad,genero,telefono,correo) VALUES (60,'Ross','Clay','Prince',44,'Femenino','16981098','Phasellus.libero@CurabiturdictumPhasellus.ca');
INSERT INTO Persona (curp,nombre,apaterno,amaterno,edad,genero,telefono,correo) VALUES (61,'Samantha','Livingston','Blankenship',53,'Femenino','1622080','sed.sem.egestas@tincidunt.edu');
INSERT INTO Persona (curp,nombre,apaterno,amaterno,edad,genero,telefono,correo) VALUES (62,'Lamar','Hunt','Lee',39,'Masculino','160309','Sed.id.risus@iaculis.co.uk');
INSERT INTO Persona (curp,nombre,apaterno,amaterno,edad,genero,telefono,correo) VALUES (63,'Emi','Lowe','Stanton',39,'Masculino','165302266','egestas.a.scelerisque@fringillaestMauris.co.uk');
INSERT INTO Persona (curp,nombre,apaterno,amaterno,edad,genero,telefono,correo) VALUES (64,'Quyn','Robertson','Wiley',22,'Femenino','160297','dolor.egestas.rhoncus@quis.net');
INSERT INTO Persona (curp,nombre,apaterno,amaterno,edad,genero,telefono,correo) VALUES (65,'Evelyn','Mejia','Flynn',21,'Masculino','1698048','volutpat.Nulla@magna.org');
INSERT INTO Persona (curp,nombre,apaterno,amaterno,edad,genero,telefono,correo) VALUES (66,'Sharon','Mcclain','Hartman',49,'Femenino','164613','Curabitur@interdumligula.org');
INSERT INTO Persona (curp,nombre,apaterno,amaterno,edad,genero,telefono,correo) VALUES (67,'Regina','Buck','Gilbert',38,'Femenino','1626442','nisl.Nulla.eu@orciadipiscing.net');
INSERT INTO Persona (curp,nombre,apaterno,amaterno,edad,genero,telefono,correo) VALUES (68,'Melyssa','Rosales','Rivas',57,'Masculino','16411275','magna.Lorem.ipsum@rhoncusNullamvelit.com');
INSERT INTO Persona (curp,nombre,apaterno,amaterno,edad,genero,telefono,correo) VALUES (69,'Beau','Short','Glass',22,'Femenino','1693608','Mauris.vel.turpis@porttitorvulputate.co.uk');
INSERT INTO Persona (curp,nombre,apaterno,amaterno,edad,genero,telefono,correo) VALUES (70,'Selma','Kerr','Pacheco',40,'Femenino','16741001','ultrices@bibendum.ca');
INSERT INTO Persona (curp,nombre,apaterno,amaterno,edad,genero,telefono,correo) VALUES (71,'Melodie','Cunningham','Pena',40,'Masculino','16661002','velit@eratnonummyultricies.co.uk');
INSERT INTO Persona (curp,nombre,apaterno,amaterno,edad,genero,telefono,correo) VALUES (72,'MacKensie','Moreno','Byrd',19,'Femenino','16460771','nibh@fringilla.net');
INSERT INTO Persona (curp,nombre,apaterno,amaterno,edad,genero,telefono,correo) VALUES (73,'Illana','Wagner','Rowe',51,'Femenino','1652148','quis.massa.Mauris@nisl.org');
INSERT INTO Persona (curp,nombre,apaterno,amaterno,edad,genero,telefono,correo) VALUES (74,'Uriah','Mathis','Bell',41,'Masculino','1665027','at.pretium.aliquet@tinciduntaliquamarcu.com');
INSERT INTO Persona (curp,nombre,apaterno,amaterno,edad,genero,telefono,correo) VALUES (75,'Kasper','Riddle','Potter',24,'Femenino','16231096','dolor.tempus@tinciduntDonec.com');
INSERT INTO Persona (curp,nombre,apaterno,amaterno,edad,genero,telefono,correo) VALUES (76,'Shafira','Jenkins','Murphy',21,'Femenino','1652002','senectus.et.netus@Donec.ca');
INSERT INTO Persona (curp,nombre,apaterno,amaterno,edad,genero,telefono,correo) VALUES (77,'Hamish','Obrien','Jenkins',52,'Femenino','1679033','ut@ac.edu');
INSERT INTO Persona (curp,nombre,apaterno,amaterno,edad,genero,telefono,correo) VALUES (78,'Rose','Saunders','Casey',51,'Femenino','1655017','posuere.cubilia.Curae@orcitinciduntadipiscing.co.uk');
INSERT INTO Persona (curp,nombre,apaterno,amaterno,edad,genero,telefono,correo) VALUES (79,'Ivor','Pope','Boyer',37,'Femenino','16480500','ac.feugiat.non@metus.com');
INSERT INTO Persona (curp,nombre,apaterno,amaterno,edad,genero,telefono,correo) VALUES (80,'Rina','Riggs','Savage',29,'Masculino','1620146','a.magna@velfaucibusid.edu');
INSERT INTO Persona (curp,nombre,apaterno,amaterno,edad,genero,telefono,correo) VALUES (81,'Asher','Santiago','Salas',64,'Femenino','16880595','velit.in.aliquet@Aenean.edu');
INSERT INTO Persona (curp,nombre,apaterno,amaterno,edad,genero,telefono,correo) VALUES (82,'Aristotle','Summers','Jacobs',63,'Femenino','1630005','hendrerit.id.ante@nequevitaesemper.edu');
INSERT INTO Persona (curp,nombre,apaterno,amaterno,edad,genero,telefono,correo) VALUES (83,'Amery','Tran','Barrett',20,'Masculino','1650092','aliquam.adipiscing@antedictummi.org');
INSERT INTO Persona (curp,nombre,apaterno,amaterno,edad,genero,telefono,correo) VALUES (84,'Victor','Morin','Moses',61,'Masculino','169048','enim@magnaPhasellus.co.uk');
INSERT INTO Persona (curp,nombre,apaterno,amaterno,edad,genero,telefono,correo) VALUES (85,'Amos','Foley','Stephenson',18,'Masculino','160653','dui.Cum.sociis@Maurisut.ca');
INSERT INTO Persona (curp,nombre,apaterno,amaterno,edad,genero,telefono,correo) VALUES (86,'Aimee','Bates','Dorsey',62,'Femenino','16981083','molestie.pharetra@leoinlobortis.org');
INSERT INTO Persona (curp,nombre,apaterno,amaterno,edad,genero,telefono,correo) VALUES (87,'Vielka','Patel','Fletcher',38,'Femenino','1633392','Cras.lorem@montes.ca');
INSERT INTO Persona (curp,nombre,apaterno,amaterno,edad,genero,telefono,correo) VALUES (88,'Katell','Serrano','Jennings',21,'Masculino','1604035','tincidunt.aliquam.arcu@non.ca');
INSERT INTO Persona (curp,nombre,apaterno,amaterno,edad,genero,telefono,correo) VALUES (89,'Raymond','Dixon','Albert',58,'Femenino','1604199','pede@quismassa.com');
INSERT INTO Persona (curp,nombre,apaterno,amaterno,edad,genero,telefono,correo) VALUES (90,'Madonna','Vang','Guy',22,'Femenino','1693078','vulputate.eu.odio@commodoauctor.edu');
INSERT INTO Persona (curp,nombre,apaterno,amaterno,edad,genero,telefono,correo) VALUES (91,'Mari','Ochoa','Hernandez',55,'Femenino','16541030','dolor.vitae@quamelementum.co.uk');
INSERT INTO Persona (curp,nombre,apaterno,amaterno,edad,genero,telefono,correo) VALUES (92,'Martin','Frazier','Copeland',41,'Femenino','1699053','aptent@DonecnibhQuisque.edu');
INSERT INTO Persona (curp,nombre,apaterno,amaterno,edad,genero,telefono,correo) VALUES (93,'Ursula','Peters','Rose',64,'Femenino','1602044','non.lorem.vitae@orci.co.uk');
INSERT INTO Persona (curp,nombre,apaterno,amaterno,edad,genero,telefono,correo) VALUES (94,'Yoko','Blackwell','Lara',36,'Femenino','16150146','pretium.et@consequatdolorvitae.com');
INSERT INTO Persona (curp,nombre,apaterno,amaterno,edad,genero,telefono,correo) VALUES (95,'Justina','Quinn','Warner',57,'Femenino','1652040','semper.rutrum.Fusce@at.edu');
INSERT INTO Persona (curp,nombre,apaterno,amaterno,edad,genero,telefono,correo) VALUES (96,'Kelly','Gillespie','Francis',55,'Femenino','16811623','id.sapien.Cras@pellentesqueSeddictum.org');
INSERT INTO Persona (curp,nombre,apaterno,amaterno,edad,genero,telefono,correo) VALUES (97,'Jacqueline','Reynolds','Klein',34,'Masculino','16531145','consectetuer.rhoncus@risusvarius.com');
INSERT INTO Persona (curp,nombre,apaterno,amaterno,edad,genero,telefono,correo) VALUES (98,'Rogan','Reid','Santiago',42,'Femenino','1630084','dictum.ultricies.ligula@liberoIntegerin.com');
INSERT INTO Persona (curp,nombre,apaterno,amaterno,edad,genero,telefono,correo) VALUES (99,'Keith','Hays','Vaughan',26,'Masculino','1648081','Morbi.vehicula@facilisis.org');
INSERT INTO Persona (curp,nombre,apaterno,amaterno,edad,genero,telefono,correo) VALUES (100,'Talon','Tyson','Mayer',39,'Masculino','1647089','magnis.dis.parturient@tellus.net');



INSERT INTO Vive (curp,id_direccion) VALUES (1,1);
INSERT INTO Vive (curp,id_direccion) VALUES (2,2);
INSERT INTO Vive (curp,id_direccion) VALUES (3,3);
INSERT INTO Vive (curp,id_direccion) VALUES (4,4);
INSERT INTO Vive (curp,id_direccion) VALUES (5,5);
INSERT INTO Vive (curp,id_direccion) VALUES (6,6);
INSERT INTO Vive (curp,id_direccion) VALUES (7,7);
INSERT INTO Vive (curp,id_direccion) VALUES (8,8);
INSERT INTO Vive (curp,id_direccion) VALUES (9,9);
INSERT INTO Vive (curp,id_direccion) VALUES (10,10);
INSERT INTO Vive (curp,id_direccion) VALUES (11,11);
INSERT INTO Vive (curp,id_direccion) VALUES (12,12);
INSERT INTO Vive (curp,id_direccion) VALUES (13,13);
INSERT INTO Vive (curp,id_direccion) VALUES (14,14);
INSERT INTO Vive (curp,id_direccion) VALUES (15,15);
INSERT INTO Vive (curp,id_direccion) VALUES (16,16);
INSERT INTO Vive (curp,id_direccion) VALUES (17,17);
INSERT INTO Vive (curp,id_direccion) VALUES (18,18);
INSERT INTO Vive (curp,id_direccion) VALUES (19,19);
INSERT INTO Vive (curp,id_direccion) VALUES (20,20);
INSERT INTO Vive (curp,id_direccion) VALUES (21,21);
INSERT INTO Vive (curp,id_direccion) VALUES (22,22);
INSERT INTO Vive (curp,id_direccion) VALUES (23,23);
INSERT INTO Vive (curp,id_direccion) VALUES (24,24);
INSERT INTO Vive (curp,id_direccion) VALUES (25,25);
INSERT INTO Vive (curp,id_direccion) VALUES (26,26);
INSERT INTO Vive (curp,id_direccion) VALUES (27,27);
INSERT INTO Vive (curp,id_direccion) VALUES (28,28);
INSERT INTO Vive (curp,id_direccion) VALUES (29,29);
INSERT INTO Vive (curp,id_direccion) VALUES (30,30);
INSERT INTO Vive (curp,id_direccion) VALUES (31,31);
INSERT INTO Vive (curp,id_direccion) VALUES (32,32);
INSERT INTO Vive (curp,id_direccion) VALUES (33,33);
INSERT INTO Vive (curp,id_direccion) VALUES (34,34);
INSERT INTO Vive (curp,id_direccion) VALUES (35,35);
INSERT INTO Vive (curp,id_direccion) VALUES (36,36);
INSERT INTO Vive (curp,id_direccion) VALUES (37,37);
INSERT INTO Vive (curp,id_direccion) VALUES (38,38);
INSERT INTO Vive (curp,id_direccion) VALUES (39,39);
INSERT INTO Vive (curp,id_direccion) VALUES (40,40);
INSERT INTO Vive (curp,id_direccion) VALUES (41,41);
INSERT INTO Vive (curp,id_direccion) VALUES (42,42);
INSERT INTO Vive (curp,id_direccion) VALUES (43,43);
INSERT INTO Vive (curp,id_direccion) VALUES (44,44);
INSERT INTO Vive (curp,id_direccion) VALUES (45,45);
INSERT INTO Vive (curp,id_direccion) VALUES (46,46);
INSERT INTO Vive (curp,id_direccion) VALUES (47,47);
INSERT INTO Vive (curp,id_direccion) VALUES (48,48);
INSERT INTO Vive (curp,id_direccion) VALUES (49,49);
INSERT INTO Vive (curp,id_direccion) VALUES (50,50);
INSERT INTO Vive (curp,id_direccion) VALUES (51,51);
INSERT INTO Vive (curp,id_direccion) VALUES (52,52);
INSERT INTO Vive (curp,id_direccion) VALUES (53,53);
INSERT INTO Vive (curp,id_direccion) VALUES (54,54);
INSERT INTO Vive (curp,id_direccion) VALUES (55,55);
INSERT INTO Vive (curp,id_direccion) VALUES (56,56);
INSERT INTO Vive (curp,id_direccion) VALUES (57,57);
INSERT INTO Vive (curp,id_direccion) VALUES (58,58);
INSERT INTO Vive (curp,id_direccion) VALUES (59,59);
INSERT INTO Vive (curp,id_direccion) VALUES (60,60);
INSERT INTO Vive (curp,id_direccion) VALUES (61,61);
INSERT INTO Vive (curp,id_direccion) VALUES (62,62);
INSERT INTO Vive (curp,id_direccion) VALUES (63,63);
INSERT INTO Vive (curp,id_direccion) VALUES (64,64);
INSERT INTO Vive (curp,id_direccion) VALUES (65,65);
INSERT INTO Vive (curp,id_direccion) VALUES (66,66);
INSERT INTO Vive (curp,id_direccion) VALUES (67,67);
INSERT INTO Vive (curp,id_direccion) VALUES (68,68);
INSERT INTO Vive (curp,id_direccion) VALUES (69,69);
INSERT INTO Vive (curp,id_direccion) VALUES (70,70);
INSERT INTO Vive (curp,id_direccion) VALUES (71,71);
INSERT INTO Vive (curp,id_direccion) VALUES (72,72);
INSERT INTO Vive (curp,id_direccion) VALUES (73,73);
INSERT INTO Vive (curp,id_direccion) VALUES (74,74);
INSERT INTO Vive (curp,id_direccion) VALUES (75,75);
INSERT INTO Vive (curp,id_direccion) VALUES (76,76);
INSERT INTO Vive (curp,id_direccion) VALUES (77,77);
INSERT INTO Vive (curp,id_direccion) VALUES (78,78);
INSERT INTO Vive (curp,id_direccion) VALUES (79,79);
INSERT INTO Vive (curp,id_direccion) VALUES (80,80);
INSERT INTO Vive (curp,id_direccion) VALUES (81,81);
INSERT INTO Vive (curp,id_direccion) VALUES (82,82);
INSERT INTO Vive (curp,id_direccion) VALUES (83,83);
INSERT INTO Vive (curp,id_direccion) VALUES (84,84);
INSERT INTO Vive (curp,id_direccion) VALUES (85,85);
INSERT INTO Vive (curp,id_direccion) VALUES (86,86);
INSERT INTO Vive (curp,id_direccion) VALUES (87,87);
INSERT INTO Vive (curp,id_direccion) VALUES (88,88);
INSERT INTO Vive (curp,id_direccion) VALUES (89,89);
INSERT INTO Vive (curp,id_direccion) VALUES (90,90);
INSERT INTO Vive (curp,id_direccion) VALUES (91,91);
INSERT INTO Vive (curp,id_direccion) VALUES (92,92);
INSERT INTO Vive (curp,id_direccion) VALUES (93,93);
INSERT INTO Vive (curp,id_direccion) VALUES (94,94);
INSERT INTO Vive (curp,id_direccion) VALUES (95,95);
INSERT INTO Vive (curp,id_direccion) VALUES (96,96);
INSERT INTO Vive (curp,id_direccion) VALUES (97,97);
INSERT INTO Vive (curp,id_direccion) VALUES (98,98);
INSERT INTO Vive (curp,id_direccion) VALUES (99,99);
INSERT INTO Vive (curp,id_direccion) VALUES (100,100);



INSERT INTO Cliente (curp_cliente,grado_estudio,ingreso) VALUES (1,'Maestria',6550);
INSERT INTO Cliente (curp_cliente,grado_estudio,ingreso) VALUES (2,'Maestria',4609);
INSERT INTO Cliente (curp_cliente,grado_estudio,ingreso) VALUES (3,'Licenciatura',8671);
INSERT INTO Cliente (curp_cliente,grado_estudio,ingreso) VALUES (4,'Doctorado',9064);
INSERT INTO Cliente (curp_cliente,grado_estudio,ingreso) VALUES (5,'Maestria',3693);
INSERT INTO Cliente (curp_cliente,grado_estudio,ingreso) VALUES (6,'Licenciatura',8500);
INSERT INTO Cliente (curp_cliente,grado_estudio,ingreso) VALUES (7,'Maestria',8009);
INSERT INTO Cliente (curp_cliente,grado_estudio,ingreso) VALUES (8,'Maestria',3933);
INSERT INTO Cliente (curp_cliente,grado_estudio,ingreso) VALUES (9,'Doctorado',3880);
INSERT INTO Cliente (curp_cliente,grado_estudio,ingreso) VALUES (10,'Licenciatura',8273);
INSERT INTO Cliente (curp_cliente,grado_estudio,ingreso) VALUES (11,'Maestria',2860);
INSERT INTO Cliente (curp_cliente,grado_estudio,ingreso) VALUES (12,'Maestria',7128);
INSERT INTO Cliente (curp_cliente,grado_estudio,ingreso) VALUES (13,'Maestria',2143);
INSERT INTO Cliente (curp_cliente,grado_estudio,ingreso) VALUES (14,'Licenciatura',7342);
INSERT INTO Cliente (curp_cliente,grado_estudio,ingreso) VALUES (15,'Licenciatura',4691);
INSERT INTO Cliente (curp_cliente,grado_estudio,ingreso) VALUES (16,'Doctorado',9323);
INSERT INTO Cliente (curp_cliente,grado_estudio,ingreso) VALUES (17,'Doctorado',7351);
INSERT INTO Cliente (curp_cliente,grado_estudio,ingreso) VALUES (18,'Licenciatura',8780);
INSERT INTO Cliente (curp_cliente,grado_estudio,ingreso) VALUES (19,'Maestria',6942);
INSERT INTO Cliente (curp_cliente,grado_estudio,ingreso) VALUES (20,'Licenciatura',9275);
INSERT INTO Cliente (curp_cliente,grado_estudio,ingreso) VALUES (21,'Doctorado',4721);
INSERT INTO Cliente (curp_cliente,grado_estudio,ingreso) VALUES (22,'Maestria',9196);
INSERT INTO Cliente (curp_cliente,grado_estudio,ingreso) VALUES (23,'Maestria',9881);
INSERT INTO Cliente (curp_cliente,grado_estudio,ingreso) VALUES (24,'Licenciatura',3447);
INSERT INTO Cliente (curp_cliente,grado_estudio,ingreso) VALUES (25,'Licenciatura',4757);
INSERT INTO Cliente (curp_cliente,grado_estudio,ingreso) VALUES (26,'Maestria',4558);
INSERT INTO Cliente (curp_cliente,grado_estudio,ingreso) VALUES (27,'Maestria',7437);
INSERT INTO Cliente (curp_cliente,grado_estudio,ingreso) VALUES (28,'Maestria',3870);
INSERT INTO Cliente (curp_cliente,grado_estudio,ingreso) VALUES (29,'Maestria',8937);
INSERT INTO Cliente (curp_cliente,grado_estudio,ingreso) VALUES (30,'Licenciatura',4740);
INSERT INTO Cliente (curp_cliente,grado_estudio,ingreso) VALUES (31,'Maestria',3079);
INSERT INTO Cliente (curp_cliente,grado_estudio,ingreso) VALUES (32,'Maestria',8575);
INSERT INTO Cliente (curp_cliente,grado_estudio,ingreso) VALUES (33,'Doctorado',2007);
INSERT INTO Cliente (curp_cliente,grado_estudio,ingreso) VALUES (34,'Doctorado',7581);
INSERT INTO Cliente (curp_cliente,grado_estudio,ingreso) VALUES (35,'Doctorado',4325);
INSERT INTO Cliente (curp_cliente,grado_estudio,ingreso) VALUES (36,'Licenciatura',7819);
INSERT INTO Cliente (curp_cliente,grado_estudio,ingreso) VALUES (37,'Doctorado',2864);
INSERT INTO Cliente (curp_cliente,grado_estudio,ingreso) VALUES (38,'Doctorado',4372);
INSERT INTO Cliente (curp_cliente,grado_estudio,ingreso) VALUES (39,'Licenciatura',5093);
INSERT INTO Cliente (curp_cliente,grado_estudio,ingreso) VALUES (40,'Licenciatura',5987);
INSERT INTO Cliente (curp_cliente,grado_estudio,ingreso) VALUES (41,'Doctorado',5851);
INSERT INTO Cliente (curp_cliente,grado_estudio,ingreso) VALUES (42,'Doctorado',2388);
INSERT INTO Cliente (curp_cliente,grado_estudio,ingreso) VALUES (43,'Maestria',7729);
INSERT INTO Cliente (curp_cliente,grado_estudio,ingreso) VALUES (44,'Doctorado',9597);
INSERT INTO Cliente (curp_cliente,grado_estudio,ingreso) VALUES (45,'Licenciatura',6065);
INSERT INTO Cliente (curp_cliente,grado_estudio,ingreso) VALUES (46,'Doctorado',5309);
INSERT INTO Cliente (curp_cliente,grado_estudio,ingreso) VALUES (47,'Doctorado',7260);
INSERT INTO Cliente (curp_cliente,grado_estudio,ingreso) VALUES (48,'Doctorado',9401);
INSERT INTO Cliente (curp_cliente,grado_estudio,ingreso) VALUES (49,'Licenciatura',2566);
INSERT INTO Cliente (curp_cliente,grado_estudio,ingreso) VALUES (50,'Doctorado',6652);
INSERT INTO Cliente (curp_cliente,grado_estudio,ingreso) VALUES (51,'Maestria',7541);
INSERT INTO Cliente (curp_cliente,grado_estudio,ingreso) VALUES (52,'Doctorado',3219);
INSERT INTO Cliente (curp_cliente,grado_estudio,ingreso) VALUES (53,'Doctorado',2335);
INSERT INTO Cliente (curp_cliente,grado_estudio,ingreso) VALUES (54,'Licenciatura',4351);
INSERT INTO Cliente (curp_cliente,grado_estudio,ingreso) VALUES (55,'Doctorado',5544);
INSERT INTO Cliente (curp_cliente,grado_estudio,ingreso) VALUES (56,'Maestria',8517);
INSERT INTO Cliente (curp_cliente,grado_estudio,ingreso) VALUES (57,'Doctorado',2684);
INSERT INTO Cliente (curp_cliente,grado_estudio,ingreso) VALUES (58,'Maestria',8311);
INSERT INTO Cliente (curp_cliente,grado_estudio,ingreso) VALUES (59,'Maestria',7851);
INSERT INTO Cliente (curp_cliente,grado_estudio,ingreso) VALUES (60,'Doctorado',6062);
INSERT INTO Cliente (curp_cliente,grado_estudio,ingreso) VALUES (61,'Maestria',9550);
INSERT INTO Cliente (curp_cliente,grado_estudio,ingreso) VALUES (62,'Licenciatura',2949);
INSERT INTO Cliente (curp_cliente,grado_estudio,ingreso) VALUES (63,'Licenciatura',2828);
INSERT INTO Cliente (curp_cliente,grado_estudio,ingreso) VALUES (64,'Licenciatura',9026);
INSERT INTO Cliente (curp_cliente,grado_estudio,ingreso) VALUES (65,'Licenciatura',2822);
INSERT INTO Cliente (curp_cliente,grado_estudio,ingreso) VALUES (66,'Maestria',3224);
INSERT INTO Cliente (curp_cliente,grado_estudio,ingreso) VALUES (67,'Doctorado',8322);
INSERT INTO Cliente (curp_cliente,grado_estudio,ingreso) VALUES (68,'Licenciatura',6294);
INSERT INTO Cliente (curp_cliente,grado_estudio,ingreso) VALUES (69,'Doctorado',5191);
INSERT INTO Cliente (curp_cliente,grado_estudio,ingreso) VALUES (70,'Maestria',5242);
INSERT INTO Cliente (curp_cliente,grado_estudio,ingreso) VALUES (71,'Maestria',9468);
INSERT INTO Cliente (curp_cliente,grado_estudio,ingreso) VALUES (72,'Maestria',4143);
INSERT INTO Cliente (curp_cliente,grado_estudio,ingreso) VALUES (73,'Licenciatura',7636);
INSERT INTO Cliente (curp_cliente,grado_estudio,ingreso) VALUES (74,'Maestria',6872);
INSERT INTO Cliente (curp_cliente,grado_estudio,ingreso) VALUES (75,'Doctorado',3336);
INSERT INTO Cliente (curp_cliente,grado_estudio,ingreso) VALUES (76,'Doctorado',5937);
INSERT INTO Cliente (curp_cliente,grado_estudio,ingreso) VALUES (77,'Maestria',5496);
INSERT INTO Cliente (curp_cliente,grado_estudio,ingreso) VALUES (78,'Doctorado',5072);
INSERT INTO Cliente (curp_cliente,grado_estudio,ingreso) VALUES (79,'Doctorado',3970);
INSERT INTO Cliente (curp_cliente,grado_estudio,ingreso) VALUES (80,'Doctorado',6627);
INSERT INTO Cliente (curp_cliente,grado_estudio,ingreso) VALUES (81,'Doctorado',2894);
INSERT INTO Cliente (curp_cliente,grado_estudio,ingreso) VALUES (82,'Licenciatura',3578);
INSERT INTO Cliente (curp_cliente,grado_estudio,ingreso) VALUES (83,'Maestria',8204);
INSERT INTO Cliente (curp_cliente,grado_estudio,ingreso) VALUES (84,'Maestria',7310);
INSERT INTO Cliente (curp_cliente,grado_estudio,ingreso) VALUES (85,'Doctorado',4748);
INSERT INTO Cliente (curp_cliente,grado_estudio,ingreso) VALUES (86,'Licenciatura',8741);
INSERT INTO Cliente (curp_cliente,grado_estudio,ingreso) VALUES (87,'Licenciatura',2813);
INSERT INTO Cliente (curp_cliente,grado_estudio,ingreso) VALUES (88,'Doctorado',6896);
INSERT INTO Cliente (curp_cliente,grado_estudio,ingreso) VALUES (89,'Licenciatura',7469);
INSERT INTO Cliente (curp_cliente,grado_estudio,ingreso) VALUES (90,'Maestria',2462);
INSERT INTO Cliente (curp_cliente,grado_estudio,ingreso) VALUES (91,'Doctorado',9485);
INSERT INTO Cliente (curp_cliente,grado_estudio,ingreso) VALUES (92,'Licenciatura',2591);
INSERT INTO Cliente (curp_cliente,grado_estudio,ingreso) VALUES (93,'Licenciatura',4855);
INSERT INTO Cliente (curp_cliente,grado_estudio,ingreso) VALUES (94,'Licenciatura',8863);
INSERT INTO Cliente (curp_cliente,grado_estudio,ingreso) VALUES (95,'Doctorado',2209);
INSERT INTO Cliente (curp_cliente,grado_estudio,ingreso) VALUES (96,'Doctorado',3288);
INSERT INTO Cliente (curp_cliente,grado_estudio,ingreso) VALUES (97,'Licenciatura',2577);
INSERT INTO Cliente (curp_cliente,grado_estudio,ingreso) VALUES (98,'Maestria',3859);
INSERT INTO Cliente (curp_cliente,grado_estudio,ingreso) VALUES (99,'Licenciatura',9358);
INSERT INTO Cliente (curp_cliente,grado_estudio,ingreso) VALUES (100,'Doctorado',3447);



INSERT INTO Vendedor2 (curp_vendedor,id_direccion,sueldo) VALUES (1,1,3362);
INSERT INTO Vendedor2 (curp_vendedor,id_direccion,sueldo) VALUES (2,2,6901);
INSERT INTO Vendedor2 (curp_vendedor,id_direccion,sueldo) VALUES (3,3,8074);
INSERT INTO Vendedor2 (curp_vendedor,id_direccion,sueldo) VALUES (4,4,8869);
INSERT INTO Vendedor2 (curp_vendedor,id_direccion,sueldo) VALUES (5,5,5393);
INSERT INTO Vendedor2 (curp_vendedor,id_direccion,sueldo) VALUES (6,6,9879);
INSERT INTO Vendedor2 (curp_vendedor,id_direccion,sueldo) VALUES (7,7,4806);
INSERT INTO Vendedor2 (curp_vendedor,id_direccion,sueldo) VALUES (8,8,4765);
INSERT INTO Vendedor2 (curp_vendedor,id_direccion,sueldo) VALUES (9,9,2295);
INSERT INTO Vendedor2 (curp_vendedor,id_direccion,sueldo) VALUES (10,10,9039);
INSERT INTO Vendedor2 (curp_vendedor,id_direccion,sueldo) VALUES (11,11,6870);
INSERT INTO Vendedor2 (curp_vendedor,id_direccion,sueldo) VALUES (12,12,5234);
INSERT INTO Vendedor2 (curp_vendedor,id_direccion,sueldo) VALUES (13,13,5907);
INSERT INTO Vendedor2 (curp_vendedor,id_direccion,sueldo) VALUES (14,14,7748);
INSERT INTO Vendedor2 (curp_vendedor,id_direccion,sueldo) VALUES (15,15,8227);
INSERT INTO Vendedor2 (curp_vendedor,id_direccion,sueldo) VALUES (16,16,5715);
INSERT INTO Vendedor2 (curp_vendedor,id_direccion,sueldo) VALUES (17,17,9397);
INSERT INTO Vendedor2 (curp_vendedor,id_direccion,sueldo) VALUES (18,18,3683);
INSERT INTO Vendedor2 (curp_vendedor,id_direccion,sueldo) VALUES (19,19,7119);
INSERT INTO Vendedor2 (curp_vendedor,id_direccion,sueldo) VALUES (20,20,2348);
INSERT INTO Vendedor2 (curp_vendedor,id_direccion,sueldo) VALUES (21,21,8531);
INSERT INTO Vendedor2 (curp_vendedor,id_direccion,sueldo) VALUES (22,22,3817);
INSERT INTO Vendedor2 (curp_vendedor,id_direccion,sueldo) VALUES (23,23,2338);
INSERT INTO Vendedor2 (curp_vendedor,id_direccion,sueldo) VALUES (24,24,5711);
INSERT INTO Vendedor2 (curp_vendedor,id_direccion,sueldo) VALUES (25,25,8828);
INSERT INTO Vendedor2 (curp_vendedor,id_direccion,sueldo) VALUES (26,26,4791);
INSERT INTO Vendedor2 (curp_vendedor,id_direccion,sueldo) VALUES (27,27,2238);
INSERT INTO Vendedor2 (curp_vendedor,id_direccion,sueldo) VALUES (28,28,8950);
INSERT INTO Vendedor2 (curp_vendedor,id_direccion,sueldo) VALUES (29,29,5114);
INSERT INTO Vendedor2 (curp_vendedor,id_direccion,sueldo) VALUES (30,30,8209);
INSERT INTO Vendedor2 (curp_vendedor,id_direccion,sueldo) VALUES (31,31,6478);
INSERT INTO Vendedor2 (curp_vendedor,id_direccion,sueldo) VALUES (32,32,9317);
INSERT INTO Vendedor2 (curp_vendedor,id_direccion,sueldo) VALUES (33,33,8046);
INSERT INTO Vendedor2 (curp_vendedor,id_direccion,sueldo) VALUES (34,34,8848);
INSERT INTO Vendedor2 (curp_vendedor,id_direccion,sueldo) VALUES (35,35,6551);
INSERT INTO Vendedor2 (curp_vendedor,id_direccion,sueldo) VALUES (36,36,4156);
INSERT INTO Vendedor2 (curp_vendedor,id_direccion,sueldo) VALUES (37,37,5105);
INSERT INTO Vendedor2 (curp_vendedor,id_direccion,sueldo) VALUES (38,38,3293);
INSERT INTO Vendedor2 (curp_vendedor,id_direccion,sueldo) VALUES (39,39,5178);
INSERT INTO Vendedor2 (curp_vendedor,id_direccion,sueldo) VALUES (40,40,2537);
INSERT INTO Vendedor2 (curp_vendedor,id_direccion,sueldo) VALUES (41,41,6496);
INSERT INTO Vendedor2 (curp_vendedor,id_direccion,sueldo) VALUES (42,42,6034);
INSERT INTO Vendedor2 (curp_vendedor,id_direccion,sueldo) VALUES (43,43,6683);
INSERT INTO Vendedor2 (curp_vendedor,id_direccion,sueldo) VALUES (44,44,6872);
INSERT INTO Vendedor2 (curp_vendedor,id_direccion,sueldo) VALUES (45,45,9467);
INSERT INTO Vendedor2 (curp_vendedor,id_direccion,sueldo) VALUES (46,46,4833);
INSERT INTO Vendedor2 (curp_vendedor,id_direccion,sueldo) VALUES (47,47,8649);
INSERT INTO Vendedor2 (curp_vendedor,id_direccion,sueldo) VALUES (48,48,7347);
INSERT INTO Vendedor2 (curp_vendedor,id_direccion,sueldo) VALUES (49,49,2123);
INSERT INTO Vendedor2 (curp_vendedor,id_direccion,sueldo) VALUES (50,50,8371);
INSERT INTO Vendedor2 (curp_vendedor,id_direccion,sueldo) VALUES (51,51,9453);
INSERT INTO Vendedor2 (curp_vendedor,id_direccion,sueldo) VALUES (52,52,5563);
INSERT INTO Vendedor2 (curp_vendedor,id_direccion,sueldo) VALUES (53,53,2165);
INSERT INTO Vendedor2 (curp_vendedor,id_direccion,sueldo) VALUES (54,54,6782);
INSERT INTO Vendedor2 (curp_vendedor,id_direccion,sueldo) VALUES (55,55,8791);
INSERT INTO Vendedor2 (curp_vendedor,id_direccion,sueldo) VALUES (56,56,4634);
INSERT INTO Vendedor2 (curp_vendedor,id_direccion,sueldo) VALUES (57,57,8268);
INSERT INTO Vendedor2 (curp_vendedor,id_direccion,sueldo) VALUES (58,58,3860);
INSERT INTO Vendedor2 (curp_vendedor,id_direccion,sueldo) VALUES (59,59,6180);
INSERT INTO Vendedor2 (curp_vendedor,id_direccion,sueldo) VALUES (60,60,4990);
INSERT INTO Vendedor2 (curp_vendedor,id_direccion,sueldo) VALUES (61,61,2882);
INSERT INTO Vendedor2 (curp_vendedor,id_direccion,sueldo) VALUES (62,62,7712);
INSERT INTO Vendedor2 (curp_vendedor,id_direccion,sueldo) VALUES (63,63,7758);
INSERT INTO Vendedor2 (curp_vendedor,id_direccion,sueldo) VALUES (64,64,2284);
INSERT INTO Vendedor2 (curp_vendedor,id_direccion,sueldo) VALUES (65,65,6310);
INSERT INTO Vendedor2 (curp_vendedor,id_direccion,sueldo) VALUES (66,66,7514);
INSERT INTO Vendedor2 (curp_vendedor,id_direccion,sueldo) VALUES (67,67,9237);
INSERT INTO Vendedor2 (curp_vendedor,id_direccion,sueldo) VALUES (68,68,4740);
INSERT INTO Vendedor2 (curp_vendedor,id_direccion,sueldo) VALUES (69,69,5165);
INSERT INTO Vendedor2 (curp_vendedor,id_direccion,sueldo) VALUES (70,70,3316);
INSERT INTO Vendedor2 (curp_vendedor,id_direccion,sueldo) VALUES (71,71,9754);
INSERT INTO Vendedor2 (curp_vendedor,id_direccion,sueldo) VALUES (72,72,7025);
INSERT INTO Vendedor2 (curp_vendedor,id_direccion,sueldo) VALUES (73,73,2896);
INSERT INTO Vendedor2 (curp_vendedor,id_direccion,sueldo) VALUES (74,74,8258);
INSERT INTO Vendedor2 (curp_vendedor,id_direccion,sueldo) VALUES (75,75,4185);
INSERT INTO Vendedor2 (curp_vendedor,id_direccion,sueldo) VALUES (76,76,4817);
INSERT INTO Vendedor2 (curp_vendedor,id_direccion,sueldo) VALUES (77,77,4559);
INSERT INTO Vendedor2 (curp_vendedor,id_direccion,sueldo) VALUES (78,78,7793);
INSERT INTO Vendedor2 (curp_vendedor,id_direccion,sueldo) VALUES (79,79,8744);
INSERT INTO Vendedor2 (curp_vendedor,id_direccion,sueldo) VALUES (80,80,7293);
INSERT INTO Vendedor2 (curp_vendedor,id_direccion,sueldo) VALUES (81,81,2323);
INSERT INTO Vendedor2 (curp_vendedor,id_direccion,sueldo) VALUES (82,82,9298);
INSERT INTO Vendedor2 (curp_vendedor,id_direccion,sueldo) VALUES (83,83,5574);
INSERT INTO Vendedor2 (curp_vendedor,id_direccion,sueldo) VALUES (84,84,4390);
INSERT INTO Vendedor2 (curp_vendedor,id_direccion,sueldo) VALUES (85,85,4401);
INSERT INTO Vendedor2 (curp_vendedor,id_direccion,sueldo) VALUES (86,86,2477);
INSERT INTO Vendedor2 (curp_vendedor,id_direccion,sueldo) VALUES (87,87,4837);
INSERT INTO Vendedor2 (curp_vendedor,id_direccion,sueldo) VALUES (88,88,6714);
INSERT INTO Vendedor2 (curp_vendedor,id_direccion,sueldo) VALUES (89,89,3183);
INSERT INTO Vendedor2 (curp_vendedor,id_direccion,sueldo) VALUES (90,90,8798);
INSERT INTO Vendedor2 (curp_vendedor,id_direccion,sueldo) VALUES (91,91,3285);
INSERT INTO Vendedor2 (curp_vendedor,id_direccion,sueldo) VALUES (92,92,7696);
INSERT INTO Vendedor2 (curp_vendedor,id_direccion,sueldo) VALUES (93,93,3823);
INSERT INTO Vendedor2 (curp_vendedor,id_direccion,sueldo) VALUES (94,94,3140);
INSERT INTO Vendedor2 (curp_vendedor,id_direccion,sueldo) VALUES (95,95,8243);
INSERT INTO Vendedor2 (curp_vendedor,id_direccion,sueldo) VALUES (96,96,5182);
INSERT INTO Vendedor2 (curp_vendedor,id_direccion,sueldo) VALUES (97,97,5256);
INSERT INTO Vendedor2 (curp_vendedor,id_direccion,sueldo) VALUES (98,98,2862);
INSERT INTO Vendedor2 (curp_vendedor,id_direccion,sueldo) VALUES (99,99,7674);
INSERT INTO Vendedor2 (curp_vendedor,id_direccion,sueldo) VALUES (100,100,5399);



INSERT INTO Realiza (id_operacion,curp_cliente,curp_vendedor,id_auto) VALUES (1,1,1,1);
INSERT INTO Realiza (id_operacion,curp_cliente,curp_vendedor,id_auto) VALUES (2,2,2,2);
INSERT INTO Realiza (id_operacion,curp_cliente,curp_vendedor,id_auto) VALUES (3,3,3,3);
INSERT INTO Realiza (id_operacion,curp_cliente,curp_vendedor,id_auto) VALUES (4,4,4,4);
INSERT INTO Realiza (id_operacion,curp_cliente,curp_vendedor,id_auto) VALUES (5,5,5,5);
INSERT INTO Realiza (id_operacion,curp_cliente,curp_vendedor,id_auto) VALUES (6,6,6,6);
INSERT INTO Realiza (id_operacion,curp_cliente,curp_vendedor,id_auto) VALUES (7,7,7,7);
INSERT INTO Realiza (id_operacion,curp_cliente,curp_vendedor,id_auto) VALUES (8,8,8,8);
INSERT INTO Realiza (id_operacion,curp_cliente,curp_vendedor,id_auto) VALUES (9,9,9,9);
INSERT INTO Realiza (id_operacion,curp_cliente,curp_vendedor,id_auto) VALUES (10,10,10,10);
INSERT INTO Realiza (id_operacion,curp_cliente,curp_vendedor,id_auto) VALUES (11,11,11,11);
INSERT INTO Realiza (id_operacion,curp_cliente,curp_vendedor,id_auto) VALUES (12,12,12,12);
INSERT INTO Realiza (id_operacion,curp_cliente,curp_vendedor,id_auto) VALUES (13,13,13,13);
INSERT INTO Realiza (id_operacion,curp_cliente,curp_vendedor,id_auto) VALUES (14,14,14,14);
INSERT INTO Realiza (id_operacion,curp_cliente,curp_vendedor,id_auto) VALUES (15,15,15,15);
INSERT INTO Realiza (id_operacion,curp_cliente,curp_vendedor,id_auto) VALUES (16,16,16,16);
INSERT INTO Realiza (id_operacion,curp_cliente,curp_vendedor,id_auto) VALUES (17,17,17,17);
INSERT INTO Realiza (id_operacion,curp_cliente,curp_vendedor,id_auto) VALUES (18,18,18,18);
INSERT INTO Realiza (id_operacion,curp_cliente,curp_vendedor,id_auto) VALUES (19,19,19,19);
INSERT INTO Realiza (id_operacion,curp_cliente,curp_vendedor,id_auto) VALUES (20,20,20,20);
INSERT INTO Realiza (id_operacion,curp_cliente,curp_vendedor,id_auto) VALUES (21,21,21,21);
INSERT INTO Realiza (id_operacion,curp_cliente,curp_vendedor,id_auto) VALUES (22,22,22,22);
INSERT INTO Realiza (id_operacion,curp_cliente,curp_vendedor,id_auto) VALUES (23,23,23,23);
INSERT INTO Realiza (id_operacion,curp_cliente,curp_vendedor,id_auto) VALUES (24,24,24,24);
INSERT INTO Realiza (id_operacion,curp_cliente,curp_vendedor,id_auto) VALUES (25,25,25,25);
INSERT INTO Realiza (id_operacion,curp_cliente,curp_vendedor,id_auto) VALUES (26,26,26,26);
INSERT INTO Realiza (id_operacion,curp_cliente,curp_vendedor,id_auto) VALUES (27,27,27,27);
INSERT INTO Realiza (id_operacion,curp_cliente,curp_vendedor,id_auto) VALUES (28,28,28,28);
INSERT INTO Realiza (id_operacion,curp_cliente,curp_vendedor,id_auto) VALUES (29,29,29,29);
INSERT INTO Realiza (id_operacion,curp_cliente,curp_vendedor,id_auto) VALUES (30,30,30,30);
INSERT INTO Realiza (id_operacion,curp_cliente,curp_vendedor,id_auto) VALUES (31,31,31,31);
INSERT INTO Realiza (id_operacion,curp_cliente,curp_vendedor,id_auto) VALUES (32,32,32,32);
INSERT INTO Realiza (id_operacion,curp_cliente,curp_vendedor,id_auto) VALUES (33,33,33,33);
INSERT INTO Realiza (id_operacion,curp_cliente,curp_vendedor,id_auto) VALUES (34,34,34,34);
INSERT INTO Realiza (id_operacion,curp_cliente,curp_vendedor,id_auto) VALUES (35,35,35,35);
INSERT INTO Realiza (id_operacion,curp_cliente,curp_vendedor,id_auto) VALUES (36,36,36,36);
INSERT INTO Realiza (id_operacion,curp_cliente,curp_vendedor,id_auto) VALUES (37,37,37,37);
INSERT INTO Realiza (id_operacion,curp_cliente,curp_vendedor,id_auto) VALUES (38,38,38,38);
INSERT INTO Realiza (id_operacion,curp_cliente,curp_vendedor,id_auto) VALUES (39,39,39,39);
INSERT INTO Realiza (id_operacion,curp_cliente,curp_vendedor,id_auto) VALUES (40,40,40,40);
INSERT INTO Realiza (id_operacion,curp_cliente,curp_vendedor,id_auto) VALUES (41,41,41,41);
INSERT INTO Realiza (id_operacion,curp_cliente,curp_vendedor,id_auto) VALUES (42,42,42,42);
INSERT INTO Realiza (id_operacion,curp_cliente,curp_vendedor,id_auto) VALUES (43,43,43,43);
INSERT INTO Realiza (id_operacion,curp_cliente,curp_vendedor,id_auto) VALUES (44,44,44,44);
INSERT INTO Realiza (id_operacion,curp_cliente,curp_vendedor,id_auto) VALUES (45,45,45,45);
INSERT INTO Realiza (id_operacion,curp_cliente,curp_vendedor,id_auto) VALUES (46,46,46,46);
INSERT INTO Realiza (id_operacion,curp_cliente,curp_vendedor,id_auto) VALUES (47,47,47,47);
INSERT INTO Realiza (id_operacion,curp_cliente,curp_vendedor,id_auto) VALUES (48,48,48,48);
INSERT INTO Realiza (id_operacion,curp_cliente,curp_vendedor,id_auto) VALUES (49,49,49,49);
INSERT INTO Realiza (id_operacion,curp_cliente,curp_vendedor,id_auto) VALUES (50,50,50,50);
INSERT INTO Realiza (id_operacion,curp_cliente,curp_vendedor,id_auto) VALUES (51,51,51,51);
INSERT INTO Realiza (id_operacion,curp_cliente,curp_vendedor,id_auto) VALUES (52,52,52,52);
INSERT INTO Realiza (id_operacion,curp_cliente,curp_vendedor,id_auto) VALUES (53,53,53,53);
INSERT INTO Realiza (id_operacion,curp_cliente,curp_vendedor,id_auto) VALUES (54,54,54,54);
INSERT INTO Realiza (id_operacion,curp_cliente,curp_vendedor,id_auto) VALUES (55,55,55,55);
INSERT INTO Realiza (id_operacion,curp_cliente,curp_vendedor,id_auto) VALUES (56,56,56,56);
INSERT INTO Realiza (id_operacion,curp_cliente,curp_vendedor,id_auto) VALUES (57,57,57,57);
INSERT INTO Realiza (id_operacion,curp_cliente,curp_vendedor,id_auto) VALUES (58,58,58,58);
INSERT INTO Realiza (id_operacion,curp_cliente,curp_vendedor,id_auto) VALUES (59,59,59,59);
INSERT INTO Realiza (id_operacion,curp_cliente,curp_vendedor,id_auto) VALUES (60,60,60,60);
INSERT INTO Realiza (id_operacion,curp_cliente,curp_vendedor,id_auto) VALUES (61,61,61,61);
INSERT INTO Realiza (id_operacion,curp_cliente,curp_vendedor,id_auto) VALUES (62,62,62,62);
INSERT INTO Realiza (id_operacion,curp_cliente,curp_vendedor,id_auto) VALUES (63,63,63,63);
INSERT INTO Realiza (id_operacion,curp_cliente,curp_vendedor,id_auto) VALUES (64,64,64,64);
INSERT INTO Realiza (id_operacion,curp_cliente,curp_vendedor,id_auto) VALUES (65,65,65,65);
INSERT INTO Realiza (id_operacion,curp_cliente,curp_vendedor,id_auto) VALUES (66,66,66,66);
INSERT INTO Realiza (id_operacion,curp_cliente,curp_vendedor,id_auto) VALUES (67,67,67,67);
INSERT INTO Realiza (id_operacion,curp_cliente,curp_vendedor,id_auto) VALUES (68,68,68,68);
INSERT INTO Realiza (id_operacion,curp_cliente,curp_vendedor,id_auto) VALUES (69,69,69,69);
INSERT INTO Realiza (id_operacion,curp_cliente,curp_vendedor,id_auto) VALUES (70,70,70,70);
INSERT INTO Realiza (id_operacion,curp_cliente,curp_vendedor,id_auto) VALUES (71,71,71,71);
INSERT INTO Realiza (id_operacion,curp_cliente,curp_vendedor,id_auto) VALUES (72,72,72,72);
INSERT INTO Realiza (id_operacion,curp_cliente,curp_vendedor,id_auto) VALUES (73,73,73,73);
INSERT INTO Realiza (id_operacion,curp_cliente,curp_vendedor,id_auto) VALUES (74,74,74,74);
INSERT INTO Realiza (id_operacion,curp_cliente,curp_vendedor,id_auto) VALUES (75,75,75,75);
INSERT INTO Realiza (id_operacion,curp_cliente,curp_vendedor,id_auto) VALUES (76,76,76,76);
INSERT INTO Realiza (id_operacion,curp_cliente,curp_vendedor,id_auto) VALUES (77,77,77,77);
INSERT INTO Realiza (id_operacion,curp_cliente,curp_vendedor,id_auto) VALUES (78,78,78,78);
INSERT INTO Realiza (id_operacion,curp_cliente,curp_vendedor,id_auto) VALUES (79,79,79,79);
INSERT INTO Realiza (id_operacion,curp_cliente,curp_vendedor,id_auto) VALUES (80,80,80,80);
INSERT INTO Realiza (id_operacion,curp_cliente,curp_vendedor,id_auto) VALUES (81,81,81,81);
INSERT INTO Realiza (id_operacion,curp_cliente,curp_vendedor,id_auto) VALUES (82,82,82,82);
INSERT INTO Realiza (id_operacion,curp_cliente,curp_vendedor,id_auto) VALUES (83,83,83,83);
INSERT INTO Realiza (id_operacion,curp_cliente,curp_vendedor,id_auto) VALUES (84,84,84,84);
INSERT INTO Realiza (id_operacion,curp_cliente,curp_vendedor,id_auto) VALUES (85,85,85,85);
INSERT INTO Realiza (id_operacion,curp_cliente,curp_vendedor,id_auto) VALUES (86,86,86,86);
INSERT INTO Realiza (id_operacion,curp_cliente,curp_vendedor,id_auto) VALUES (87,87,87,87);
INSERT INTO Realiza (id_operacion,curp_cliente,curp_vendedor,id_auto) VALUES (88,88,88,88);
INSERT INTO Realiza (id_operacion,curp_cliente,curp_vendedor,id_auto) VALUES (89,89,89,89);
INSERT INTO Realiza (id_operacion,curp_cliente,curp_vendedor,id_auto) VALUES (90,90,90,90);
INSERT INTO Realiza (id_operacion,curp_cliente,curp_vendedor,id_auto) VALUES (91,91,91,91);
INSERT INTO Realiza (id_operacion,curp_cliente,curp_vendedor,id_auto) VALUES (92,92,92,92);
INSERT INTO Realiza (id_operacion,curp_cliente,curp_vendedor,id_auto) VALUES (93,93,93,93);
INSERT INTO Realiza (id_operacion,curp_cliente,curp_vendedor,id_auto) VALUES (94,94,94,94);
INSERT INTO Realiza (id_operacion,curp_cliente,curp_vendedor,id_auto) VALUES (95,95,95,95);
INSERT INTO Realiza (id_operacion,curp_cliente,curp_vendedor,id_auto) VALUES (96,96,96,96);
INSERT INTO Realiza (id_operacion,curp_cliente,curp_vendedor,id_auto) VALUES (97,97,97,97);
INSERT INTO Realiza (id_operacion,curp_cliente,curp_vendedor,id_auto) VALUES (98,98,98,98);
INSERT INTO Realiza (id_operacion,curp_cliente,curp_vendedor,id_auto) VALUES (99,99,99,99);
INSERT INTO Realiza (id_operacion,curp_cliente,curp_vendedor,id_auto) VALUES (100,100,100,100);









